timestamp,temperature,humidity,rain_1h,visibility,wind_speed
2024-06-01 00:00:00,20.8,52.0,1.6,8.9,16.9
2024-06-01 01:00:00,26.5,44.5,0.0,11.0,6.3
2024-06-01 02:00:00,22.8,53.3,1.02,9.1,5.6
2024-06-01 03:00:00,25.6,56.5,0.0,11.1,10.7
2024-06-01 04:00:00,27.0,54.5,0.0,9.4,5.8
2024-06-01 05:00:00,23.9,53.9,1.14,8.7,6.7
2024-06-01 06:00:00,22.5,51.3,0.0,10.5,13.7
2024-06-01 07:00:00,28.9,67.9,0.76,9.6,6.6
2024-06-01 08:00:00,29.7,62.9,0.0,10.0,7.8
2024-06-01 09:00:00,32.2,68.8,0.0,11.1,6.1
2024-06-01 10:00:00,35.8,63.5,0.0,11.0,7.6
2024-06-01 11:00:00,33.1,78.1,0.0,10.5,5.3
2024-06-01 12:00:00,31.5,77.0,1.7,9.9,5.0
2024-06-01 13:00:00,34.4,80.8,0.33,10.9,8.6
2024-06-01 14:00:00,34.7,69.5,0.0,10.3,10.5
2024-06-01 15:00:00,31.2,72.5,0.0,9.9,6.5
2024-06-01 16:00:00,33.0,69.5,0.0,9.6,6.5
2024-06-01 17:00:00,30.2,66.9,0.0,9.4,8.3
2024-06-01 18:00:00,30.3,61.2,0.0,10.6,6.5
2024-06-01 19:00:00,27.0,58.5,3.53,7.6,6.2
2024-06-01 20:00:00,29.8,67.2,0.0,10.0,6.0
2024-06-01 21:00:00,24.5,60.8,0.0,10.0,5.9
2024-06-01 22:00:00,26.3,53.9,0.0,9.6,7.8
2024-06-01 23:00:00,24.2,48.7,1.2,9.0,7.4
2024-06-02 00:00:00,22.4,44.2,0.0,9.3,9.2
2024-06-02 01:00:00,27.8,49.6,3.04,8.7,6.0
2024-06-02 02:00:00,25.8,38.8,2.19,9.1,6.7
2024-06-02 03:00:00,25.8,53.1,0.0,9.8,5.3
2024-06-02 04:00:00,28.0,48.7,0.0,10.0,7.6
2024-06-02 05:00:00,27.0,48.2,0.0,10.1,10.2
2024-06-02 06:00:00,25.2,43.1,0.0,9.9,10.0
2024-06-02 07:00:00,28.7,63.0,1.6,9.1,13.1
2024-06-02 08:00:00,27.8,61.9,0.0,10.8,5.1
2024-06-02 09:00:00,29.3,62.3,0.0,10.0,6.9
2024-06-02 10:00:00,32.6,62.3,2.12,8.5,8.6
2024-06-02 11:00:00,33.2,68.6,0.0,10.1,7.2
2024-06-02 12:00:00,35.8,71.2,0.0,9.3,6.2
2024-06-02 13:00:00,32.7,72.7,0.0,10.2,18.5
2024-06-02 14:00:00,32.7,74.4,0.0,10.0,7.1
2024-06-02 15:00:00,29.8,73.1,0.2,9.8,5.8
2024-06-02 16:00:00,30.4,72.4,0.0,11.1,5.0
2024-06-02 17:00:00,30.7,72.1,0.0,10.0,5.3
2024-06-02 18:00:00,29.1,67.3,0.0,10.3,5.7
2024-06-02 19:00:00,27.9,72.6,0.0,9.8,5.6
2024-06-02 20:00:00,25.7,61.3,0.0,9.6,19.9
2024-06-02 21:00:00,24.5,53.0,0.22,9.2,5.8
2024-06-02 22:00:00,25.6,45.4,0.9,8.9,7.7
2024-06-02 23:00:00,23.4,53.9,4.37,7.1,5.0
2024-06-03 00:00:00,23.6,44.8,2.48,9.3,6.3
2024-06-03 01:00:00,22.8,44.4,0.0,10.0,5.0
2024-06-03 02:00:00,23.5,44.4,0.0,10.3,7.5
2024-06-03 03:00:00,20.2,47.4,0.0,9.3,6.1
2024-06-03 04:00:00,22.9,35.8,0.0,10.3,7.4
2024-06-03 05:00:00,26.9,48.6,0.0,10.0,12.9
2024-06-03 06:00:00,24.5,46.2,0.0,10.3,7.8
2024-06-03 07:00:00,29.9,53.4,0.0,10.5,6.5
2024-06-03 08:00:00,29.1,66.6,5.55,7.1,8.0
2024-06-03 09:00:00,32.9,59.5,0.0,9.7,6.2
2024-06-03 10:00:00,29.3,65.2,0.72,8.8,7.5
2024-06-03 11:00:00,35.3,73.5,0.65,9.2,9.1
2024-06-03 12:00:00,29.2,76.5,0.0,10.3,7.6
2024-06-03 13:00:00,33.3,78.3,0.0,9.6,5.7
2024-06-03 14:00:00,32.0,81.6,0.0,9.6,14.2
2024-06-03 15:00:00,29.2,80.4,0.0,10.3,5.7
2024-06-03 16:00:00,33.2,72.3,0.0,10.2,7.0
2024-06-03 17:00:00,29.0,66.5,1.09,8.8,5.7
2024-06-03 18:00:00,27.7,73.5,5.4,7.6,5.1
2024-06-03 19:00:00,26.2,63.2,0.0,10.9,5.1
2024-06-03 20:00:00,25.3,58.6,0.0,9.2,7.8
2024-06-03 21:00:00,27.2,53.6,0.0,9.8,11.0
2024-06-03 22:00:00,19.9,52.9,0.0,9.7,15.7
2024-06-03 23:00:00,25.2,49.2,0.0,10.1,6.6
2024-06-04 00:00:00,22.4,46.1,0.63,9.1,14.2
2024-06-04 01:00:00,22.4,46.8,0.0,9.6,6.7
2024-06-04 02:00:00,25.6,43.4,0.04,10.1,5.3
2024-06-04 03:00:00,20.9,54.2,0.0,9.5,5.8
2024-06-04 04:00:00,26.3,48.0,0.0,10.4,10.9
2024-06-04 05:00:00,22.3,43.3,0.0,10.3,5.4
2024-06-04 06:00:00,28.8,46.9,2.44,8.1,25.5
2024-06-04 07:00:00,27.5,56.7,2.86,8.4,5.8
2024-06-04 08:00:00,31.0,56.5,0.0,9.8,6.0
2024-06-04 09:00:00,31.8,55.0,0.0,9.8,5.4
2024-06-04 10:00:00,32.0,68.7,7.88,6.8,5.7
2024-06-04 11:00:00,31.8,75.9,4.49,7.6,7.1
2024-06-04 12:00:00,29.5,69.7,0.0,10.7,10.8
2024-06-04 13:00:00,33.0,73.4,0.0,10.2,7.7
2024-06-04 14:00:00,33.8,74.5,0.0,11.2,6.6
2024-06-04 15:00:00,30.6,71.0,0.67,9.1,9.5
2024-06-04 16:00:00,29.4,73.1,0.0,9.7,8.2
2024-06-04 17:00:00,29.6,65.7,0.0,9.8,8.9
2024-06-04 18:00:00,25.7,71.4,0.0,10.9,6.3
2024-06-04 19:00:00,27.3,66.5,1.58,9.8,10.9
2024-06-04 20:00:00,23.0,61.3,0.0,9.8,10.1
2024-06-04 21:00:00,25.0,56.8,0.0,9.4,5.9
2024-06-04 22:00:00,23.0,53.0,0.0,10.5,7.2
2024-06-04 23:00:00,23.3,49.2,0.0,10.7,6.2
2024-06-05 00:00:00,25.0,46.2,0.0,10.0,9.9
2024-06-05 01:00:00,23.4,48.9,0.0,10.7,8.8
2024-06-05 02:00:00,23.7,42.1,0.0,9.9,6.7
2024-06-05 03:00:00,21.3,40.7,0.0,9.9,6.8
2024-06-05 04:00:00,26.7,56.9,0.06,10.5,14.7
2024-06-05 05:00:00,28.8,48.9,0.0,10.5,6.8
2024-06-05 06:00:00,26.8,46.0,2.2,8.8,15.3
2024-06-05 07:00:00,26.5,57.7,0.0,9.9,5.5
2024-06-05 08:00:00,32.0,60.3,0.0,10.8,8.1
2024-06-05 09:00:00,29.3,58.9,0.0,9.7,5.9
2024-06-05 10:00:00,33.2,66.8,0.0,9.4,21.5
2024-06-05 11:00:00,35.3,65.2,5.74,7.4,13.7
2024-06-05 12:00:00,32.8,73.1,3.23,8.3,6.4
2024-06-05 13:00:00,34.9,71.5,6.1,6.8,10.0
2024-06-05 14:00:00,31.4,72.4,0.0,10.3,5.5
2024-06-05 15:00:00,32.7,82.7,0.0,10.8,8.2
2024-06-05 16:00:00,31.6,85.9,0.0,10.0,6.2
2024-06-05 17:00:00,30.6,76.5,0.0,9.7,9.4
2024-06-05 18:00:00,30.4,66.5,1.31,8.5,13.6
2024-06-05 19:00:00,26.2,63.3,0.46,10.2,6.0
2024-06-05 20:00:00,21.3,59.0,0.0,10.5,21.4
2024-06-05 21:00:00,24.3,58.8,0.0,9.3,13.7
2024-06-05 22:00:00,25.7,47.8,4.23,7.9,20.7
2024-06-05 23:00:00,22.8,42.0,0.0,10.0,7.9
2024-06-06 00:00:00,21.0,49.5,0.0,9.8,8.5
2024-06-06 01:00:00,23.4,52.2,0.0,10.1,5.3
2024-06-06 02:00:00,26.2,49.9,7.11,6.3,7.2
2024-06-06 03:00:00,24.1,40.2,0.0,10.4,7.5
2024-06-06 04:00:00,26.1,49.5,0.58,10.5,7.9
2024-06-06 05:00:00,27.0,62.2,0.0,10.0,7.3
2024-06-06 06:00:00,28.3,53.9,0.97,10.0,6.2
2024-06-06 07:00:00,26.7,53.8,0.0,10.2,7.6
2024-06-06 08:00:00,30.0,66.0,0.0,10.2,9.2
2024-06-06 09:00:00,31.6,57.5,0.0,10.1,5.7
2024-06-06 10:00:00,33.4,68.4,0.51,9.9,6.3
2024-06-06 11:00:00,33.4,67.6,0.0,9.8,10.4
2024-06-06 12:00:00,33.1,77.7,0.11,10.2,13.8
2024-06-06 13:00:00,32.4,73.2,0.0,10.1,5.8
2024-06-06 14:00:00,33.6,69.9,0.0,9.7,7.4
2024-06-06 15:00:00,30.9,68.7,0.0,9.2,6.5
2024-06-06 16:00:00,29.9,73.2,0.0,10.0,5.9
2024-06-06 17:00:00,30.9,76.1,0.0,10.6,5.7
2024-06-06 18:00:00,25.0,67.1,3.53,7.9,5.7
2024-06-06 19:00:00,26.3,68.3,2.57,8.1,6.6
2024-06-06 20:00:00,25.0,62.7,0.0,8.9,8.1
2024-06-06 21:00:00,24.6,52.1,6.43,6.4,7.0
2024-06-06 22:00:00,23.3,60.7,0.0,10.2,8.3
2024-06-06 23:00:00,23.3,48.2,0.0,9.3,10.0
2024-06-07 00:00:00,23.1,50.2,0.0,10.9,11.2
2024-06-07 01:00:00,21.0,50.0,2.23,9.2,8.2
2024-06-07 02:00:00,22.0,46.2,0.0,9.2,5.1
2024-06-07 03:00:00,24.2,52.2,0.0,9.2,6.1
2024-06-07 04:00:00,27.1,51.0,0.0,10.0,7.4
2024-06-07 05:00:00,24.8,51.5,0.0,10.1,6.7
2024-06-07 06:00:00,29.7,58.7,0.0,9.4,5.6
2024-06-07 07:00:00,28.2,54.3,4.53,8.3,5.8
2024-06-07 08:00:00,28.9,56.9,0.0,10.2,13.1
2024-06-07 09:00:00,30.4,68.3,2.24,9.1,8.6
2024-06-07 10:00:00,34.5,66.9,0.0,10.1,7.2
2024-06-07 11:00:00,33.7,55.2,1.53,9.2,6.6
2024-06-07 12:00:00,31.9,72.7,0.0,9.3,5.2
2024-06-07 13:00:00,29.8,73.1,0.83,9.6,10.2
2024-06-07 14:00:00,31.7,74.9,2.69,9.1,6.3
2024-06-07 15:00:00,33.2,80.1,0.0,9.7,8.9
2024-06-07 16:00:00,26.8,78.5,0.25,9.8,20.4
2024-06-07 17:00:00,31.2,64.0,0.0,9.6,6.3
2024-06-07 18:00:00,27.1,74.8,0.0,8.6,7.1
2024-06-07 19:00:00,24.6,60.8,0.0,9.0,7.2
2024-06-07 20:00:00,22.8,63.2,0.0,9.9,7.2
2024-06-07 21:00:00,24.6,53.5,0.0,9.3,6.2
2024-06-07 22:00:00,22.8,52.4,0.0,9.3,5.7
2024-06-07 23:00:00,25.3,49.0,1.55,8.8,5.5
2024-06-08 00:00:00,20.3,50.9,0.0,9.8,7.0
2024-06-08 01:00:00,22.7,50.1,0.0,9.3,5.1
2024-06-08 02:00:00,23.4,35.0,0.0,10.1,6.3
2024-06-08 03:00:00,22.9,48.0,5.31,7.1,8.7
2024-06-08 04:00:00,24.9,46.9,0.0,10.5,7.9
2024-06-08 05:00:00,27.5,43.8,0.0,8.9,6.3
2024-06-08 06:00:00,27.8,48.9,0.0,9.4,5.1
2024-06-08 07:00:00,28.4,53.6,0.0,9.5,8.3
2024-06-08 08:00:00,29.4,57.8,0.0,9.4,8.3
2024-06-08 09:00:00,33.7,66.7,0.0,9.9,5.2
2024-06-08 10:00:00,33.3,63.4,3.45,8.9,5.1
2024-06-08 11:00:00,31.3,68.5,0.0,9.4,12.4
2024-06-08 12:00:00,35.9,77.5,0.68,9.7,9.7
2024-06-08 13:00:00,33.2,73.7,0.0,10.1,9.0
2024-06-08 14:00:00,32.2,75.5,2.28,8.9,5.2
2024-06-08 15:00:00,30.0,88.3,1.16,9.4,5.4
2024-06-08 16:00:00,29.2,73.1,2.28,8.9,5.9
2024-06-08 17:00:00,27.9,72.1,1.22,8.7,5.4
2024-06-08 18:00:00,28.2,63.7,0.0,9.9,6.9
2024-06-08 19:00:00,26.4,65.8,0.0,10.3,5.5
2024-06-08 20:00:00,28.5,56.2,0.0,10.0,8.8
2024-06-08 21:00:00,23.5,52.1,0.0,10.3,6.6
2024-06-08 22:00:00,21.8,51.5,0.0,10.9,7.5
2024-06-08 23:00:00,23.3,52.9,0.0,9.9,16.0
2024-06-09 00:00:00,23.8,51.1,0.0,10.3,5.1
2024-06-09 01:00:00,23.6,46.5,0.08,10.3,10.3
2024-06-09 02:00:00,25.7,43.9,0.0,10.0,8.8
2024-06-09 03:00:00,26.8,44.1,0.0,9.9,6.4
2024-06-09 04:00:00,24.7,47.0,2.32,9.8,16.3
2024-06-09 05:00:00,26.6,46.1,0.47,9.6,5.3
2024-06-09 06:00:00,30.1,50.1,0.0,10.5,5.1
2024-06-09 07:00:00,31.2,52.1,0.0,10.7,20.9
2024-06-09 08:00:00,31.5,57.6,0.0,10.0,7.7
2024-06-09 09:00:00,32.0,67.7,3.74,7.7,16.4
2024-06-09 10:00:00,32.0,56.3,0.0,9.6,5.3
2024-06-09 11:00:00,34.4,73.0,0.0,10.3,6.5
2024-06-09 12:00:00,26.7,69.4,0.0,10.6,9.2
2024-06-09 13:00:00,31.0,70.6,0.0,10.6,15.8
2024-06-09 14:00:00,32.5,72.9,0.57,10.0,6.2
2024-06-09 15:00:00,32.8,67.6,4.6,7.7,8.7
2024-06-09 16:00:00,29.2,73.2,0.0,9.4,5.5
2024-06-09 17:00:00,28.5,72.4,0.55,9.1,13.8
2024-06-09 18:00:00,29.4,63.8,0.0,10.9,5.4
2024-06-09 19:00:00,23.6,66.3,0.0,10.0,5.8
2024-06-09 20:00:00,25.9,63.4,0.0,9.9,9.2
2024-06-09 21:00:00,24.5,58.1,0.0,10.2,6.0
2024-06-09 22:00:00,27.3,41.6,1.31,9.7,6.3
2024-06-09 23:00:00,22.2,42.8,0.0,9.0,5.9
2024-06-10 00:00:00,25.1,42.5,2.02,8.6,5.8
2024-06-10 01:00:00,24.3,50.3,0.0,10.3,6.1
2024-06-10 02:00:00,21.4,45.8,0.0,9.6,9.9
2024-06-10 03:00:00,21.9,48.6,0.67,10.1,13.4
2024-06-10 04:00:00,29.8,42.8,1.46,9.1,5.4
2024-06-10 05:00:00,27.0,52.0,0.04,9.9,10.0
2024-06-10 06:00:00,28.2,58.4,0.0,9.7,5.1
2024-06-10 07:00:00,27.7,60.8,0.0,10.1,5.3
2024-06-10 08:00:00,32.7,66.0,3.53,8.1,6.1
2024-06-10 09:00:00,33.1,66.0,0.0,10.0,9.7
2024-06-10 10:00:00,31.2,71.5,0.55,9.4,13.2
2024-06-10 11:00:00,31.6,63.5,0.0,10.2,5.2
2024-06-10 12:00:00,32.0,74.3,0.0,10.2,5.5
2024-06-10 13:00:00,33.2,84.3,2.26,7.8,7.5
2024-06-10 14:00:00,30.3,66.1,0.0,10.1,12.5
2024-06-10 15:00:00,31.4,72.5,0.0,10.1,10.4
2024-06-10 16:00:00,30.3,78.1,0.0,10.5,9.9
2024-06-10 17:00:00,27.7,72.5,0.0,10.6,6.3
2024-06-10 18:00:00,25.7,67.0,0.0,10.1,5.4
2024-06-10 19:00:00,29.6,66.5,3.27,8.7,11.0
2024-06-10 20:00:00,20.8,61.2,3.52,8.5,6.8
2024-06-10 21:00:00,23.9,57.9,0.0,10.5,6.1
2024-06-10 22:00:00,20.1,52.1,0.0,10.3,8.4
2024-06-10 23:00:00,25.8,52.6,0.0,9.6,8.2
2024-06-11 00:00:00,23.6,49.4,0.0,10.2,8.6
2024-06-11 01:00:00,21.9,45.7,0.0,9.7,6.6
2024-06-11 02:00:00,22.9,50.0,0.0,9.4,6.4
2024-06-11 03:00:00,24.4,57.4,1.67,8.3,8.9
2024-06-11 04:00:00,24.9,44.2,2.73,8.6,8.0
2024-06-11 05:00:00,28.1,57.2,0.0,9.5,5.6
2024-06-11 06:00:00,26.8,41.9,4.82,7.7,6.7
2024-06-11 07:00:00,33.5,57.8,0.42,10.3,6.3
2024-06-11 08:00:00,32.1,71.1,0.0,10.2,6.5
2024-06-11 09:00:00,33.2,64.5,0.0,9.8,6.0
2024-06-11 10:00:00,31.0,63.3,0.0,10.0,7.8
2024-06-11 11:00:00,32.8,71.8,0.0,9.4,7.7
2024-06-11 12:00:00,34.4,70.2,0.0,10.3,6.0
2024-06-11 13:00:00,32.0,80.3,0.13,9.6,6.5
2024-06-11 14:00:00,29.8,76.8,0.0,9.8,20.3
2024-06-11 15:00:00,32.0,76.7,0.0,9.1,5.8
2024-06-11 16:00:00,28.3,70.0,0.0,10.5,5.6
2024-06-11 17:00:00,31.3,80.4,0.0,9.9,8.0
2024-06-11 18:00:00,28.7,66.2,0.92,10.1,8.1
2024-06-11 19:00:00,27.1,59.0,0.0,10.3,5.4
2024-06-11 20:00:00,24.3,61.8,0.0,9.6,27.7
2024-06-11 21:00:00,24.2,60.0,0.0,10.7,6.2
2024-06-11 22:00:00,22.9,62.7,1.56,9.0,5.4
2024-06-11 23:00:00,27.7,50.5,0.0,9.7,12.7
2024-06-12 00:00:00,24.2,46.2,0.0,9.1,6.2
2024-06-12 01:00:00,20.2,41.4,0.0,9.6,5.5
2024-06-12 02:00:00,25.9,49.6,0.0,10.2,12.3
2024-06-12 03:00:00,23.2,52.0,0.0,9.7,5.2
2024-06-12 04:00:00,25.8,45.0,0.0,9.2,5.8
2024-06-12 05:00:00,28.0,46.6,0.0,10.8,10.6
2024-06-12 06:00:00,28.3,44.5,0.0,10.1,10.4
2024-06-12 07:00:00,27.3,58.3,2.35,9.0,5.7
2024-06-12 08:00:00,33.5,61.5,0.0,10.4,13.7
2024-06-12 09:00:00,32.5,54.3,0.0,10.2,11.0
2024-06-12 10:00:00,33.2,65.9,7.1,7.6,16.8
2024-06-12 11:00:00,35.9,77.2,1.26,9.9,6.7
2024-06-12 12:00:00,31.9,58.3,1.56,9.1,13.1
2024-06-12 13:00:00,34.1,73.6,0.0,9.8,13.3
2024-06-12 14:00:00,35.5,81.4,0.0,9.5,7.3
2024-06-12 15:00:00,28.7,67.1,0.0,10.5,5.3
2024-06-12 16:00:00,29.2,75.6,2.22,8.5,5.9
2024-06-12 17:00:00,26.0,76.0,1.51,9.3,8.3
2024-06-12 18:00:00,30.5,68.8,4.58,7.5,10.0
2024-06-12 19:00:00,29.1,61.5,0.21,10.3,11.4
2024-06-12 20:00:00,29.6,59.7,0.0,10.3,11.7
2024-06-12 21:00:00,25.5,60.1,0.0,10.1,6.0
2024-06-12 22:00:00,20.6,55.4,0.0,10.0,10.2
2024-06-12 23:00:00,25.1,48.6,0.0,10.2,10.1
2024-06-13 00:00:00,22.5,42.0,2.75,8.2,5.2
2024-06-13 01:00:00,21.9,35.2,5.52,7.4,6.2
2024-06-13 02:00:00,23.8,39.6,0.0,9.7,6.1
2024-06-13 03:00:00,25.3,41.5,0.0,9.7,7.8
2024-06-13 04:00:00,26.0,43.4,0.6,10.1,14.2
2024-06-13 05:00:00,27.5,42.8,0.0,9.7,8.7
2024-06-13 06:00:00,27.8,53.0,0.0,10.4,6.0
2024-06-13 07:00:00,30.8,52.4,0.56,9.2,9.6
2024-06-13 08:00:00,30.6,51.3,1.79,8.4,5.2
2024-06-13 09:00:00,32.6,68.6,0.0,10.7,11.8
2024-06-13 10:00:00,34.3,57.2,0.0,10.5,8.7
2024-06-13 11:00:00,33.4,70.1,0.0,10.6,5.4
2024-06-13 12:00:00,31.8,76.5,0.0,10.4,6.7
2024-06-13 13:00:00,34.8,69.7,0.0,10.4,5.6
2024-06-13 14:00:00,31.5,76.9,0.0,10.4,7.8
2024-06-13 15:00:00,27.9,75.2,0.0,10.4,6.6
2024-06-13 16:00:00,28.3,75.7,0.0,9.9,8.1
2024-06-13 17:00:00,30.8,69.0,0.0,10.0,10.0
2024-06-13 18:00:00,26.3,66.6,0.0,9.2,10.4
2024-06-13 19:00:00,27.0,59.2,2.59,8.4,7.4
2024-06-13 20:00:00,23.3,65.1,0.0,9.8,12.0
2024-06-13 21:00:00,25.9,68.0,0.86,9.5,5.1
2024-06-13 22:00:00,22.2,63.8,3.01,7.5,13.2
2024-06-13 23:00:00,24.2,49.7,0.0,10.2,6.0
2024-06-14 00:00:00,26.3,45.2,0.0,10.3,14.2
2024-06-14 01:00:00,26.2,47.2,0.0,9.9,5.0
2024-06-14 02:00:00,27.3,41.4,0.0,10.3,12.0
2024-06-14 03:00:00,24.8,43.9,0.0,10.6,14.4
2024-06-14 04:00:00,25.4,38.9,0.0,10.7,5.9
2024-06-14 05:00:00,27.6,49.0,0.0,9.5,7.7
2024-06-14 06:00:00,26.4,53.6,0.0,10.3,7.5
2024-06-14 07:00:00,27.5,63.9,0.0,10.8,5.3
2024-06-14 08:00:00,27.2,56.4,0.0,9.6,6.2
2024-06-14 09:00:00,30.1,62.1,0.0,9.4,10.7
2024-06-14 10:00:00,31.7,63.8,0.0,9.5,5.3
2024-06-14 11:00:00,34.3,77.8,0.07,9.7,11.7
2024-06-14 12:00:00,30.5,67.0,0.0,9.2,8.8
2024-06-14 13:00:00,31.5,77.2,0.0,10.2,8.5
2024-06-14 14:00:00,33.6,70.9,2.56,8.6,6.5
2024-06-14 15:00:00,29.8,79.9,0.0,10.3,6.3
2024-06-14 16:00:00,28.3,73.1,0.78,10.2,9.5
2024-06-14 17:00:00,32.7,80.6,5.42,7.5,10.6
2024-06-14 18:00:00,28.3,61.7,0.0,9.6,6.9
2024-06-14 19:00:00,28.5,65.7,0.0,9.2,5.3
2024-06-14 20:00:00,24.0,61.3,3.86,8.0,13.3
2024-06-14 21:00:00,21.2,48.9,0.0,10.7,5.7
2024-06-14 22:00:00,29.3,50.0,0.0,10.0,7.2
2024-06-14 23:00:00,22.9,55.9,0.0,9.9,13.1
2024-06-15 00:00:00,21.9,44.8,2.14,9.3,8.4
2024-06-15 01:00:00,20.8,46.4,0.0,9.8,5.7
2024-06-15 02:00:00,24.6,43.6,0.0,9.4,6.3
2024-06-15 03:00:00,25.7,42.8,0.0,10.5,5.7
2024-06-15 04:00:00,24.4,48.7,0.0,10.1,5.1
2024-06-15 05:00:00,26.9,56.6,0.0,10.7,5.2
2024-06-15 06:00:00,25.7,51.3,0.0,9.8,5.1
2024-06-15 07:00:00,30.7,56.2,0.0,9.8,6.3
2024-06-15 08:00:00,32.3,62.0,0.0,10.0,5.6
2024-06-15 09:00:00,31.2,62.0,0.0,10.7,6.1
2024-06-15 10:00:00,31.2,65.2,0.0,10.5,6.5
2024-06-15 11:00:00,33.0,75.5,0.0,9.7,5.4
2024-06-15 12:00:00,33.3,73.3,0.0,10.9,5.7
2024-06-15 13:00:00,32.7,67.3,0.0,9.5,5.5
2024-06-15 14:00:00,32.0,68.6,4.09,8.9,10.1
2024-06-15 15:00:00,30.3,79.2,0.0,9.5,5.9
2024-06-15 16:00:00,30.8,77.8,0.0,10.2,5.1
2024-06-15 17:00:00,29.6,62.3,1.34,8.1,6.7
2024-06-15 18:00:00,29.7,74.4,0.0,9.8,6.1
2024-06-15 19:00:00,29.5,71.3,1.12,9.2,6.2
2024-06-15 20:00:00,27.1,56.7,4.13,8.6,27.1
2024-06-15 21:00:00,25.1,49.2,0.0,10.6,15.8
2024-06-15 22:00:00,23.7,61.7,1.35,10.0,7.1
2024-06-15 23:00:00,22.9,53.9,0.0,9.8,7.1
2024-06-16 00:00:00,27.0,46.3,0.0,9.1,5.6
2024-06-16 01:00:00,24.3,42.8,0.41,10.3,6.6
2024-06-16 02:00:00,25.7,39.5,0.0,9.4,5.4
2024-06-16 03:00:00,25.1,45.4,0.74,10.1,11.4
2024-06-16 04:00:00,21.9,43.0,1.59,8.1,6.6
2024-06-16 05:00:00,25.1,45.3,0.08,9.7,13.7
2024-06-16 06:00:00,27.7,48.8,0.0,10.1,5.4
2024-06-16 07:00:00,25.7,51.2,0.0,10.0,5.4
2024-06-16 08:00:00,26.3,62.9,0.0,10.1,6.6
2024-06-16 09:00:00,32.9,64.9,0.54,10.5,6.0
2024-06-16 10:00:00,35.1,70.6,7.17,6.1,13.4
2024-06-16 11:00:00,32.8,66.0,0.0,9.4,6.2
2024-06-16 12:00:00,32.6,72.2,0.0,10.1,6.3
2024-06-16 13:00:00,32.1,80.0,0.0,9.7,8.9
2024-06-16 14:00:00,33.4,78.9,0.0,9.1,8.0
2024-06-16 15:00:00,31.0,71.5,0.0,9.9,10.4
2024-06-16 16:00:00,24.0,71.2,0.27,10.1,5.0
2024-06-16 17:00:00,30.0,71.5,0.0,10.7,6.9
2024-06-16 18:00:00,31.2,63.5,0.0,10.1,5.5
2024-06-16 19:00:00,23.3,66.9,0.0,9.6,5.4
2024-06-16 20:00:00,28.1,60.0,0.0,9.9,9.6
2024-06-16 21:00:00,23.6,54.6,0.0,9.7,5.5
2024-06-16 22:00:00,25.7,41.9,2.41,9.1,10.9
2024-06-16 23:00:00,25.6,53.0,2.89,8.3,12.9
2024-06-17 00:00:00,25.0,47.8,2.57,8.7,7.8
2024-06-17 01:00:00,26.2,44.3,0.55,9.5,11.7
2024-06-17 02:00:00,23.7,42.5,0.0,10.5,7.7
2024-06-17 03:00:00,23.0,44.9,0.04,9.3,9.0
2024-06-17 04:00:00,28.3,42.1,0.0,10.9,8.0
2024-06-17 05:00:00,24.8,61.8,0.0,10.1,7.9
2024-06-17 06:00:00,27.4,52.1,0.0,10.0,8.8
2024-06-17 07:00:00,28.1,62.2,0.0,10.7,6.2
2024-06-17 08:00:00,30.2,59.1,3.47,8.1,5.4
2024-06-17 09:00:00,31.3,65.8,0.0,9.7,5.8
2024-06-17 10:00:00,29.0,60.8,2.49,8.8,5.4
2024-06-17 11:00:00,29.3,72.9,0.0,10.4,7.9
2024-06-17 12:00:00,34.1,70.8,4.26,8.2,6.0
2024-06-17 13:00:00,33.1,75.4,0.22,10.2,7.7
2024-06-17 14:00:00,32.8,73.1,0.0,10.2,7.5
2024-06-17 15:00:00,29.3,78.6,4.0,7.5,6.5
2024-06-17 16:00:00,34.8,72.7,0.0,11.0,7.7
2024-06-17 17:00:00,28.1,71.6,1.41,9.0,5.3
2024-06-17 18:00:00,31.0,71.2,0.0,10.1,6.3
2024-06-17 19:00:00,26.8,73.4,0.0,8.9,5.9
2024-06-17 20:00:00,24.2,58.6,0.0,10.2,7.8
2024-06-17 21:00:00,23.7,66.6,0.0,10.3,7.3
2024-06-17 22:00:00,21.1,50.8,0.0,10.2,5.2
2024-06-17 23:00:00,25.7,52.4,0.0,10.2,7.4
2024-06-18 00:00:00,23.8,51.1,1.18,9.9,8.6
2024-06-18 01:00:00,25.1,43.8,0.0,10.3,5.9
2024-06-18 02:00:00,26.6,51.7,0.0,10.0,12.5
2024-06-18 03:00:00,26.0,46.4,0.0,10.0,5.8
2024-06-18 04:00:00,23.4,50.9,0.5,8.3,12.1
2024-06-18 05:00:00,26.4,40.7,0.0,10.6,6.3
2024-06-18 06:00:00,27.6,51.9,0.0,9.8,11.7
2024-06-18 07:00:00,27.5,55.7,3.13,9.6,6.2
2024-06-18 08:00:00,31.5,67.5,0.0,9.7,7.7
2024-06-18 09:00:00,31.1,66.3,0.0,10.8,8.6
2024-06-18 10:00:00,30.3,69.0,0.09,10.1,7.4
2024-06-18 11:00:00,35.3,73.6,1.59,8.9,5.1
2024-06-18 12:00:00,30.8,73.8,0.0,9.8,5.1
2024-06-18 13:00:00,32.2,83.7,0.0,10.4,5.2
2024-06-18 14:00:00,30.1,73.2,0.0,9.8,6.4
2024-06-18 15:00:00,28.6,80.0,0.0,10.4,5.8
2024-06-18 16:00:00,31.4,75.0,0.0,10.4,6.3
2024-06-18 17:00:00,27.9,69.6,0.0,10.2,6.7
2024-06-18 18:00:00,26.5,70.8,0.0,9.2,9.0
2024-06-18 19:00:00,30.2,66.8,0.0,10.4,9.1
2024-06-18 20:00:00,26.3,57.3,0.21,10.0,5.6
2024-06-18 21:00:00,26.2,49.0,3.21,9.0,5.3
2024-06-18 22:00:00,21.7,56.5,0.0,10.0,6.1
2024-06-18 23:00:00,22.4,51.9,0.0,10.3,6.9
2024-06-19 00:00:00,22.3,47.9,0.0,11.2,10.0
2024-06-19 01:00:00,20.7,43.5,0.0,9.5,7.2
2024-06-19 02:00:00,23.7,44.8,0.0,10.8,9.0
2024-06-19 03:00:00,21.3,56.1,1.04,9.7,5.0
2024-06-19 04:00:00,23.5,49.3,0.0,11.0,9.3
2024-06-19 05:00:00,26.7,52.1,0.0,10.9,10.8
2024-06-19 06:00:00,28.7,51.5,0.0,10.1,5.8
2024-06-19 07:00:00,28.8,53.5,0.0,9.8,7.2
2024-06-19 08:00:00,32.3,53.6,0.0,10.0,6.6
2024-06-19 09:00:00,32.3,68.7,0.0,9.7,7.8
2024-06-19 10:00:00,35.1,72.7,0.0,9.6,7.9
2024-06-19 11:00:00,31.2,67.6,4.19,9.0,5.8
2024-06-19 12:00:00,36.1,75.7,1.28,9.7,11.5
2024-06-19 13:00:00,30.4,72.5,6.29,6.8,5.4
2024-06-19 14:00:00,34.0,79.2,0.0,10.1,15.2
2024-06-19 15:00:00,32.7,76.9,0.0,10.3,7.9
2024-06-19 16:00:00,29.1,71.5,0.0,8.8,14.0
2024-06-19 17:00:00,30.3,69.5,0.0,10.4,6.7
2024-06-19 18:00:00,29.0,61.3,0.33,10.1,5.8
2024-06-19 19:00:00,27.6,63.5,0.0,10.3,7.4
2024-06-19 20:00:00,22.4,61.9,0.0,10.3,8.1
2024-06-19 21:00:00,22.8,58.5,6.1,7.6,8.2
2024-06-19 22:00:00,26.7,51.9,3.33,8.0,9.6
2024-06-19 23:00:00,22.7,52.0,2.31,8.3,5.4
2024-06-20 00:00:00,20.6,49.4,0.0,10.0,9.4
2024-06-20 01:00:00,25.3,47.6,2.93,8.1,8.8
2024-06-20 02:00:00,22.2,33.0,2.02,9.1,6.1
2024-06-20 03:00:00,26.1,38.6,0.0,9.8,7.1
2024-06-20 04:00:00,25.3,50.3,0.0,10.1,7.7
2024-06-20 05:00:00,24.2,49.7,0.0,11.3,5.6
2024-06-20 06:00:00,24.8,54.5,0.0,9.9,5.5
2024-06-20 07:00:00,31.1,56.1,0.0,9.3,7.5
2024-06-20 08:00:00,31.1,57.4,0.0,10.0,6.7
2024-06-20 09:00:00,30.6,65.6,1.23,10.0,10.8
2024-06-20 10:00:00,31.5,63.8,1.27,8.5,6.8
2024-06-20 11:00:00,34.9,66.5,0.0,9.9,10.4
2024-06-20 12:00:00,30.6,73.5,0.0,10.2,7.6
2024-06-20 13:00:00,32.4,75.1,0.0,10.8,7.7
2024-06-20 14:00:00,33.8,71.6,3.29,9.0,5.1
2024-06-20 15:00:00,33.9,74.2,0.0,9.3,5.1
2024-06-20 16:00:00,30.9,72.7,0.0,10.7,7.9
2024-06-20 17:00:00,31.4,73.5,0.0,9.1,6.5
2024-06-20 18:00:00,26.1,62.7,0.0,10.6,7.5
2024-06-20 19:00:00,28.2,56.9,0.0,10.4,7.1
2024-06-20 20:00:00,25.7,67.0,0.24,8.7,12.3
2024-06-20 21:00:00,22.0,58.1,0.0,9.6,6.6
2024-06-20 22:00:00,23.2,50.7,0.0,10.6,9.4
2024-06-20 23:00:00,24.5,49.9,0.0,10.3,6.4
2024-06-21 00:00:00,25.5,48.0,1.39,9.8,5.4
2024-06-21 01:00:00,22.7,44.1,0.0,10.2,6.4
2024-06-21 02:00:00,20.5,45.1,0.0,10.0,5.0
2024-06-21 03:00:00,26.1,58.0,0.34,9.7,8.1
2024-06-21 04:00:00,25.7,46.0,0.0,10.3,9.7
2024-06-21 05:00:00,30.2,52.1,0.02,10.7,6.8
2024-06-21 06:00:00,26.5,48.8,0.0,10.0,5.9
2024-06-21 07:00:00,24.6,63.9,1.68,9.9,6.8
2024-06-21 08:00:00,30.7,59.5,0.0,10.1,5.1
2024-06-21 09:00:00,32.1,65.1,0.0,9.9,5.4
2024-06-21 10:00:00,33.4,61.1,0.46,9.8,7.2
2024-06-21 11:00:00,33.5,67.6,0.0,10.1,12.1
2024-06-21 12:00:00,33.0,76.5,0.0,10.2,9.6
2024-06-21 13:00:00,32.8,72.4,1.41,9.5,17.2
2024-06-21 14:00:00,32.5,76.9,0.02,9.0,6.2
2024-06-21 15:00:00,31.5,73.9,0.0,9.6,5.2
2024-06-21 16:00:00,26.0,80.5,0.0,9.8,8.3
2024-06-21 17:00:00,27.5,66.8,0.0,9.9,6.6
2024-06-21 18:00:00,22.9,73.5,0.0,9.5,6.2
2024-06-21 19:00:00,25.6,64.6,3.92,8.3,8.4
2024-06-21 20:00:00,24.7,55.4,0.0,9.5,9.7
2024-06-21 21:00:00,26.8,57.8,0.0,9.2,6.7
2024-06-21 22:00:00,26.6,54.0,1.19,9.5,8.6
2024-06-21 23:00:00,24.4,49.9,0.0,10.2,19.6
2024-06-22 00:00:00,25.4,52.7,1.24,9.0,5.4
2024-06-22 01:00:00,25.7,45.4,0.0,9.7,10.2
2024-06-22 02:00:00,25.1,47.2,0.0,10.0,5.0
2024-06-22 03:00:00,23.7,37.8,0.0,10.2,5.7
2024-06-22 04:00:00,24.6,49.3,0.0,10.0,5.1
2024-06-22 05:00:00,25.8,56.9,0.0,9.2,7.4
2024-06-22 06:00:00,26.7,52.6,0.0,9.2,11.6
2024-06-22 07:00:00,27.3,49.6,0.0,9.8,10.0
2024-06-22 08:00:00,32.6,57.5,0.0,9.9,10.7
2024-06-22 09:00:00,29.9,68.7,0.0,9.8,7.5
2024-06-22 10:00:00,35.4,60.0,0.0,9.6,6.2
2024-06-22 11:00:00,31.9,66.0,0.0,10.3,13.2
2024-06-22 12:00:00,32.9,68.6,0.0,10.9,5.6
2024-06-22 13:00:00,31.7,72.2,0.0,9.2,8.1
2024-06-22 14:00:00,31.4,80.3,0.0,9.7,5.1
2024-06-22 15:00:00,28.4,83.9,1.64,9.8,9.2
2024-06-22 16:00:00,24.1,74.7,0.0,10.7,12.8
2024-06-22 17:00:00,26.1,72.8,0.0,10.3,6.1
2024-06-22 18:00:00,26.3,72.5,0.0,9.7,7.5
2024-06-22 19:00:00,26.7,81.3,0.94,10.0,6.7
2024-06-22 20:00:00,27.3,64.5,0.0,10.8,6.6
2024-06-22 21:00:00,23.0,48.7,2.37,9.2,8.3
2024-06-22 22:00:00,24.6,50.7,0.0,10.1,6.8
2024-06-22 23:00:00,23.3,47.0,0.0,10.6,5.9
2024-06-23 00:00:00,23.5,46.9,0.21,9.5,8.4
2024-06-23 01:00:00,22.4,48.2,0.0,11.2,6.1
2024-06-23 02:00:00,20.6,33.1,0.0,10.4,5.6
2024-06-23 03:00:00,22.9,50.3,0.0,9.9,7.3
2024-06-23 04:00:00,27.2,51.0,0.0,11.2,7.5
2024-06-23 05:00:00,24.8,59.1,0.14,10.0,7.2
2024-06-23 06:00:00,29.9,39.7,0.0,9.3,8.4
2024-06-23 07:00:00,27.3,61.9,0.0,9.8,11.9
2024-06-23 08:00:00,33.6,64.0,0.05,10.2,12.6
2024-06-23 09:00:00,32.5,64.3,0.0,9.1,7.9
2024-06-23 10:00:00,32.3,65.9,0.0,9.9,9.9
2024-06-23 11:00:00,29.7,67.5,0.0,9.2,6.8
2024-06-23 12:00:00,35.3,73.6,0.0,10.2,9.9
2024-06-23 13:00:00,32.8,75.0,0.0,9.4,10.0
2024-06-23 14:00:00,32.4,76.3,0.0,9.9,6.1
2024-06-23 15:00:00,30.2,73.3,0.0,10.3,5.8
2024-06-23 16:00:00,32.5,85.1,0.76,9.6,10.3
2024-06-23 17:00:00,29.7,73.3,0.0,10.1,5.7
2024-06-23 18:00:00,31.6,68.4,3.75,7.6,7.1
2024-06-23 19:00:00,27.1,55.4,0.0,10.5,7.6
2024-06-23 20:00:00,25.7,60.4,2.08,8.6,11.4
2024-06-23 21:00:00,25.3,57.7,0.0,10.4,9.8
2024-06-23 22:00:00,20.8,58.5,0.28,10.0,10.4
2024-06-23 23:00:00,25.4,46.3,3.4,8.3,5.6
2024-06-24 00:00:00,22.5,50.0,0.0,10.5,9.4
2024-06-24 01:00:00,24.3,45.7,0.0,10.7,5.7
2024-06-24 02:00:00,23.8,47.7,0.0,8.8,7.8
2024-06-24 03:00:00,24.2,42.9,0.0,9.9,9.3
2024-06-24 04:00:00,24.0,40.2,0.0,9.8,6.8
2024-06-24 05:00:00,22.1,46.0,0.0,9.9,7.0
2024-06-24 06:00:00,29.2,50.0,0.0,9.8,7.6
2024-06-24 07:00:00,28.8,65.2,0.0,9.9,5.7
2024-06-24 08:00:00,29.5,68.1,0.0,9.5,5.4
2024-06-24 09:00:00,28.8,75.2,1.21,8.8,6.9
2024-06-24 10:00:00,34.2,76.5,0.0,11.2,7.3
2024-06-24 11:00:00,34.0,65.7,0.5,9.5,7.5
2024-06-24 12:00:00,33.1,72.1,0.0,10.1,8.7
2024-06-24 13:00:00,34.5,80.3,0.0,9.1,7.5
2024-06-24 14:00:00,30.9,74.8,0.0,10.4,7.9
2024-06-24 15:00:00,32.5,66.0,0.0,10.5,10.2
2024-06-24 16:00:00,29.6,63.1,0.0,10.3,5.5
2024-06-24 17:00:00,31.7,57.9,0.0,10.6,8.1
2024-06-24 18:00:00,27.7,67.5,0.0,10.8,7.0
2024-06-24 19:00:00,27.7,55.7,3.7,8.1,8.4
2024-06-24 20:00:00,27.3,55.3,0.0,10.4,9.0
2024-06-24 21:00:00,22.7,57.7,0.0,10.1,5.9
2024-06-24 22:00:00,20.5,56.6,0.0,9.8,5.1
2024-06-24 23:00:00,21.6,43.8,0.0,9.9,6.3
2024-06-25 00:00:00,24.1,49.4,2.21,8.2,9.2
2024-06-25 01:00:00,21.2,41.3,0.0,9.5,6.3
2024-06-25 02:00:00,26.6,41.7,2.36,9.3,7.9
2024-06-25 03:00:00,23.5,41.5,2.68,9.0,8.3
2024-06-25 04:00:00,26.7,40.6,0.0,9.7,9.4
2024-06-25 05:00:00,24.9,38.2,0.0,9.8,7.1
2024-06-25 06:00:00,30.4,46.8,1.82,8.9,9.2
2024-06-25 07:00:00,24.8,68.1,0.43,9.9,7.9
2024-06-25 08:00:00,29.7,68.6,0.0,9.3,17.7
2024-06-25 09:00:00,30.4,56.5,0.58,10.4,6.1
2024-06-25 10:00:00,36.6,74.6,0.0,10.0,7.6
2024-06-25 11:00:00,32.1,70.3,5.83,7.1,7.5
2024-06-25 12:00:00,32.4,69.5,0.0,9.6,14.0
2024-06-25 13:00:00,34.6,70.1,0.0,10.1,7.6
2024-06-25 14:00:00,32.7,77.6,0.0,9.9,5.9
2024-06-25 15:00:00,31.8,78.6,2.72,8.3,6.6
2024-06-25 16:00:00,31.4,71.6,0.0,10.4,6.4
2024-06-25 17:00:00,30.8,64.1,1.91,9.0,5.4
2024-06-25 18:00:00,30.2,62.5,0.0,10.3,6.3
2024-06-25 19:00:00,26.8,73.2,0.07,11.0,5.8
2024-06-25 20:00:00,24.3,60.9,0.0,10.0,7.9
2024-06-25 21:00:00,23.0,58.2,0.0,10.1,6.4
2024-06-25 22:00:00,20.4,53.9,0.0,10.3,6.1
2024-06-25 23:00:00,22.8,42.8,0.0,10.8,11.7
2024-06-26 00:00:00,22.9,37.5,0.0,9.4,6.2
2024-06-26 01:00:00,25.6,44.0,0.0,10.3,7.2
2024-06-26 02:00:00,22.3,42.7,0.0,9.5,10.0
2024-06-26 03:00:00,21.7,47.8,0.0,10.0,5.9
2024-06-26 04:00:00,21.7,46.0,1.95,9.5,5.4
2024-06-26 05:00:00,24.1,43.8,0.0,10.0,9.0
2024-06-26 06:00:00,29.2,55.5,0.0,10.1,5.9
2024-06-26 07:00:00,30.0,55.9,3.32,8.9,10.0
2024-06-26 08:00:00,34.0,57.5,0.26,9.2,11.0
2024-06-26 09:00:00,30.4,61.4,0.25,8.9,6.9
2024-06-26 10:00:00,30.0,69.3,2.41,8.7,9.4
2024-06-26 11:00:00,33.8,59.3,0.0,10.2,8.5
2024-06-26 12:00:00,33.3,74.0,0.0,9.7,5.0
2024-06-26 13:00:00,33.9,71.8,0.0,10.1,10.1
2024-06-26 14:00:00,31.2,74.3,4.75,7.9,5.0
2024-06-26 15:00:00,33.6,72.6,2.82,9.3,8.5
2024-06-26 16:00:00,29.2,67.6,0.0,10.0,8.2
2024-06-26 17:00:00,29.1,72.4,0.0,9.3,5.1
2024-06-26 18:00:00,27.4,68.1,0.0,10.1,6.6
2024-06-26 19:00:00,27.5,66.6,0.0,9.6,8.3
2024-06-26 20:00:00,24.6,50.5,0.82,8.7,7.5
2024-06-26 21:00:00,24.3,60.3,0.0,9.3,11.0
2024-06-26 22:00:00,24.9,48.9,0.0,10.0,6.3
2024-06-26 23:00:00,22.1,51.0,0.0,10.2,6.3
2024-06-27 00:00:00,23.0,38.8,2.04,9.4,12.1
2024-06-27 01:00:00,23.6,40.8,0.0,10.6,7.5
2024-06-27 02:00:00,23.6,46.9,1.98,8.1,7.8
2024-06-27 03:00:00,23.1,43.3,0.0,10.3,9.0
2024-06-27 04:00:00,29.3,47.7,4.08,8.6,6.6
2024-06-27 05:00:00,24.4,52.6,0.0,10.0,6.7
2024-06-27 06:00:00,28.2,57.5,0.0,9.8,18.2
2024-06-27 07:00:00,24.4,52.5,3.43,8.7,7.3
2024-06-27 08:00:00,28.5,59.6,1.02,9.6,7.4
2024-06-27 09:00:00,35.1,64.5,0.23,9.4,11.1
2024-06-27 10:00:00,28.9,67.2,0.0,10.6,9.5
2024-06-27 11:00:00,30.9,69.9,0.59,9.4,6.6
2024-06-27 12:00:00,33.3,70.1,0.18,8.9,16.1
2024-06-27 13:00:00,31.5,71.3,0.0,10.4,7.3
2024-06-27 14:00:00,33.5,71.6,0.0,10.2,8.0
2024-06-27 15:00:00,30.3,70.1,0.0,10.1,5.6
2024-06-27 16:00:00,28.5,80.3,0.0,10.3,15.8
2024-06-27 17:00:00,27.1,61.6,0.0,10.0,5.6
2024-06-27 18:00:00,29.0,81.1,0.0,9.9,5.0
2024-06-27 19:00:00,25.9,65.8,0.0,9.8,5.5
2024-06-27 20:00:00,24.6,68.8,0.0,9.2,5.6
2024-06-27 21:00:00,24.9,50.1,5.45,7.6,6.0
2024-06-27 22:00:00,22.7,48.4,0.03,9.9,7.3
2024-06-27 23:00:00,20.5,52.0,0.0,9.6,7.8
2024-06-28 00:00:00,21.0,44.0,0.0,10.2,9.1
2024-06-28 01:00:00,18.8,44.8,0.0,10.5,7.2
2024-06-28 02:00:00,24.1,41.1,0.0,10.2,7.9
2024-06-28 03:00:00,27.5,46.5,0.0,9.4,9.0
2024-06-28 04:00:00,27.3,54.4,6.93,6.0,9.9
2024-06-28 05:00:00,27.4,47.2,0.0,9.7,5.5
2024-06-28 06:00:00,28.5,49.5,0.86,9.2,6.6
2024-06-28 07:00:00,29.6,51.1,0.0,9.8,5.6
2024-06-28 08:00:00,31.0,56.7,0.0,11.1,12.0
2024-06-28 09:00:00,31.9,67.5,0.0,10.6,5.8
2024-06-28 10:00:00,31.1,64.3,0.0,10.1,8.1
2024-06-28 11:00:00,29.9,76.2,0.0,10.1,7.2
2024-06-28 12:00:00,32.0,70.8,0.0,10.2,9.9
2024-06-28 13:00:00,32.5,74.9,3.81,8.4,7.6
2024-06-28 14:00:00,31.5,78.4,0.0,9.7,5.5
2024-06-28 15:00:00,29.8,84.4,4.93,7.7,5.3
2024-06-28 16:00:00,28.6,75.8,0.0,10.5,8.8
2024-06-28 17:00:00,27.5,71.7,0.0,10.7,6.3
2024-06-28 18:00:00,26.4,66.3,2.39,8.8,8.3
2024-06-28 19:00:00,25.9,60.0,0.0,10.0,6.9
2024-06-28 20:00:00,23.8,57.3,0.0,9.9,11.2
2024-06-28 21:00:00,25.1,54.5,0.0,10.5,5.7
2024-06-28 22:00:00,20.8,53.0,0.0,10.0,19.9
2024-06-28 23:00:00,24.8,52.8,0.0,9.2,9.2
2024-06-29 00:00:00,25.2,51.3,0.0,9.6,7.8
2024-06-29 01:00:00,22.3,45.8,0.0,10.0,19.4
2024-06-29 02:00:00,25.1,31.3,0.0,10.4,7.4
2024-06-29 03:00:00,25.9,51.2,0.0,10.1,9.5
2024-06-29 04:00:00,24.3,49.3,0.0,10.0,5.6
2024-06-29 05:00:00,26.8,43.3,2.61,8.5,9.3
2024-06-29 06:00:00,30.0,58.7,0.0,10.4,7.7
2024-06-29 07:00:00,30.8,53.4,0.0,10.1,5.6
2024-06-29 08:00:00,27.3,61.8,0.0,9.4,5.8
2024-06-29 09:00:00,33.7,67.0,0.0,9.9,20.2
2024-06-29 10:00:00,28.0,74.6,1.55,9.3,5.4
2024-06-29 11:00:00,37.3,73.0,0.22,9.6,5.5
2024-06-29 12:00:00,33.5,77.0,0.0,10.3,5.6
2024-06-29 13:00:00,30.2,70.5,0.0,10.0,5.8
2024-06-29 14:00:00,32.3,67.4,0.0,9.5,6.0
2024-06-29 15:00:00,33.7,73.2,0.0,9.7,7.0
2024-06-29 16:00:00,33.9,69.4,0.0,10.1,7.7
2024-06-29 17:00:00,31.7,75.9,0.0,10.6,9.0
2024-06-29 18:00:00,27.7,69.3,0.0,9.2,5.4
2024-06-29 19:00:00,28.4,66.7,0.0,10.0,9.1
2024-06-29 20:00:00,27.3,62.5,1.0,10.1,9.3
2024-06-29 21:00:00,23.1,44.7,0.33,9.8,5.0
2024-06-29 22:00:00,23.9,43.6,0.0,9.4,7.2
2024-06-29 23:00:00,25.4,44.3,0.0,8.9,7.2
2024-06-30 00:00:00,19.9,52.4,0.0,9.8,6.0
2024-06-30 01:00:00,25.0,35.4,0.0,9.9,7.8
2024-06-30 02:00:00,23.3,40.8,0.0,10.0,8.4
2024-06-30 03:00:00,30.2,40.1,0.0,10.6,7.6
2024-06-30 04:00:00,24.5,46.4,1.45,8.6,11.8
2024-06-30 05:00:00,27.9,51.1,0.0,10.2,10.1
2024-06-30 06:00:00,26.7,53.9,5.62,8.0,5.5
2024-06-30 07:00:00,29.9,61.2,0.0,10.7,6.1
2024-06-30 08:00:00,33.1,52.2,0.0,9.8,6.2
2024-06-30 09:00:00,31.0,66.1,1.45,9.0,9.1
2024-06-30 10:00:00,32.6,66.5,0.78,9.0,5.4
2024-06-30 11:00:00,33.5,69.4,0.0,10.0,15.4
2024-06-30 12:00:00,33.2,70.7,0.0,10.4,5.7
2024-06-30 13:00:00,30.3,73.5,0.0,9.8,9.3
2024-06-30 14:00:00,30.3,74.9,6.54,6.5,7.4
2024-06-30 15:00:00,30.1,67.5,0.0,9.6,5.5
2024-06-30 16:00:00,28.5,72.6,0.89,9.2,6.0
2024-06-30 17:00:00,33.5,69.2,0.0,11.0,6.5
2024-06-30 18:00:00,29.0,75.8,1.57,8.8,7.7
2024-06-30 19:00:00,27.8,51.6,0.0,9.3,7.2
2024-06-30 20:00:00,27.5,58.8,0.0,9.8,5.8
2024-06-30 21:00:00,26.6,66.1,0.0,10.2,10.9
2024-06-30 22:00:00,20.5,52.5,0.0,9.4,5.2
2024-06-30 23:00:00,23.0,46.2,0.0,10.1,5.7
2024-07-01 00:00:00,23.4,50.2,0.59,9.0,7.5
2024-07-01 01:00:00,19.5,37.2,2.35,9.2,6.9
2024-07-01 02:00:00,25.0,54.1,3.24,8.1,9.6
2024-07-01 03:00:00,27.3,45.3,0.0,9.9,5.7
2024-07-01 04:00:00,26.2,47.6,0.0,10.1,9.7
2024-07-01 05:00:00,23.9,44.4,2.68,8.4,5.9
2024-07-01 06:00:00,29.0,55.1,5.28,6.5,8.9
2024-07-01 07:00:00,28.6,58.2,0.13,9.9,5.4
2024-07-01 08:00:00,28.4,55.6,2.44,8.4,7.3
2024-07-01 09:00:00,34.5,70.1,0.0,10.2,12.0
2024-07-01 10:00:00,32.7,74.2,2.62,8.3,12.1
2024-07-01 11:00:00,33.7,67.5,0.0,10.1,7.9
2024-07-01 12:00:00,37.1,74.9,2.43,8.6,6.7
2024-07-01 13:00:00,30.6,70.2,2.28,8.6,5.4
2024-07-01 14:00:00,34.5,72.3,0.0,10.4,7.5
2024-07-01 15:00:00,32.5,77.8,0.0,10.0,5.3
2024-07-01 16:00:00,31.8,67.6,0.0,10.1,5.4
2024-07-01 17:00:00,32.4,72.6,0.0,10.1,11.4
2024-07-01 18:00:00,27.2,67.6,0.0,9.8,5.2
2024-07-01 19:00:00,24.0,65.7,0.0,10.7,6.5
2024-07-01 20:00:00,25.0,56.1,0.0,10.8,6.3
2024-07-01 21:00:00,25.2,56.9,0.0,10.2,5.2
2024-07-01 22:00:00,26.2,53.9,0.0,10.1,9.3
2024-07-01 23:00:00,23.6,45.6,0.0,9.9,6.6
2024-07-02 00:00:00,21.0,45.2,0.0,9.0,13.5
2024-07-02 01:00:00,21.5,39.7,8.64,5.5,6.4
2024-07-02 02:00:00,18.6,44.7,2.72,8.4,6.0
2024-07-02 03:00:00,24.9,47.5,1.44,9.2,14.7
2024-07-02 04:00:00,25.5,48.3,0.0,9.3,20.7
2024-07-02 05:00:00,26.1,44.9,4.11,7.7,5.9
2024-07-02 06:00:00,25.6,47.1,0.0,9.8,5.5
2024-07-02 07:00:00,30.4,54.8,1.08,10.4,5.2
2024-07-02 08:00:00,28.8,62.1,0.0,9.8,5.3
2024-07-02 09:00:00,30.8,65.3,0.0,10.1,7.9
2024-07-02 10:00:00,32.6,67.0,0.0,9.6,8.4
2024-07-02 11:00:00,37.0,71.4,0.0,10.0,5.5
2024-07-02 12:00:00,31.0,78.3,1.24,9.1,7.6
2024-07-02 13:00:00,32.9,77.6,0.0,10.1,5.3
2024-07-02 14:00:00,34.5,76.2,0.0,11.5,10.4
2024-07-02 15:00:00,32.1,80.4,0.0,9.5,6.1
2024-07-02 16:00:00,32.9,74.5,0.0,10.9,12.6
2024-07-02 17:00:00,27.6,64.1,2.65,8.3,8.7
2024-07-02 18:00:00,30.3,70.0,0.0,9.8,5.6
2024-07-02 19:00:00,25.2,66.8,0.0,10.1,12.2
2024-07-02 20:00:00,29.9,61.3,0.0,10.7,7.3
2024-07-02 21:00:00,25.4,55.6,0.44,10.3,6.8
2024-07-02 22:00:00,25.2,52.0,0.0,10.0,8.7
2024-07-02 23:00:00,21.5,51.7,2.44,8.6,5.9
2024-07-03 00:00:00,24.4,54.5,0.0,10.0,7.8
2024-07-03 01:00:00,21.4,44.9,0.0,10.7,5.3
2024-07-03 02:00:00,23.6,37.2,0.0,10.1,6.7
2024-07-03 03:00:00,22.5,52.0,0.0,9.5,5.3
2024-07-03 04:00:00,24.7,46.5,0.0,10.1,8.7
2024-07-03 05:00:00,28.0,54.5,0.0,9.4,9.0
2024-07-03 06:00:00,25.1,52.4,0.0,9.7,16.2
2024-07-03 07:00:00,29.6,59.8,0.0,10.6,6.4
2024-07-03 08:00:00,33.1,57.0,0.0,9.7,5.2
2024-07-03 09:00:00,29.8,65.6,0.0,10.1,5.9
2024-07-03 10:00:00,33.8,64.1,0.0,10.0,6.5
2024-07-03 11:00:00,30.5,67.6,1.99,9.3,5.6
2024-07-03 12:00:00,31.8,77.0,0.0,10.2,5.9
2024-07-03 13:00:00,32.5,65.5,0.0,9.2,10.1
2024-07-03 14:00:00,33.0,80.1,0.44,9.9,6.5
2024-07-03 15:00:00,29.6,75.0,0.0,9.9,5.2
2024-07-03 16:00:00,31.8,72.6,2.04,8.1,5.5
2024-07-03 17:00:00,27.7,69.1,0.0,10.0,7.5
2024-07-03 18:00:00,26.2,65.3,0.0,9.2,14.7
2024-07-03 19:00:00,31.3,60.8,0.0,10.6,7.2
2024-07-03 20:00:00,24.7,58.5,0.91,9.0,9.1
2024-07-03 21:00:00,20.2,61.7,0.0,10.1,10.1
2024-07-03 22:00:00,25.9,65.2,0.0,10.4,8.6
2024-07-03 23:00:00,18.1,36.2,0.0,9.8,5.1
2024-07-04 00:00:00,21.7,58.6,0.0,10.8,6.1
2024-07-04 01:00:00,24.1,41.4,0.0,9.8,6.4
2024-07-04 02:00:00,23.5,51.3,18.23,0.6,5.3
2024-07-04 03:00:00,26.1,44.0,6.51,6.5,6.2
2024-07-04 04:00:00,27.1,42.2,0.0,10.4,8.0
2024-07-04 05:00:00,22.8,55.9,0.0,9.8,10.8
2024-07-04 06:00:00,28.3,48.3,0.0,10.0,6.3
2024-07-04 07:00:00,28.9,60.0,3.04,8.1,8.5
2024-07-04 08:00:00,30.7,66.5,0.0,10.0,7.2
2024-07-04 09:00:00,31.6,68.4,0.0,10.1,11.9
2024-07-04 10:00:00,31.5,59.9,0.0,9.3,5.5
2024-07-04 11:00:00,30.3,72.1,0.0,9.9,6.7
2024-07-04 12:00:00,31.9,75.1,1.78,9.3,6.2
2024-07-04 13:00:00,31.4,75.8,0.0,10.4,7.3
2024-07-04 14:00:00,32.1,72.0,0.0,10.5,14.2
2024-07-04 15:00:00,34.3,73.6,0.0,10.5,7.1
2024-07-04 16:00:00,29.5,82.1,0.0,10.3,5.1
2024-07-04 17:00:00,27.9,71.0,0.0,9.6,6.0
2024-07-04 18:00:00,28.0,72.3,4.52,8.6,6.3
2024-07-04 19:00:00,28.1,65.6,0.0,10.5,6.2
2024-07-04 20:00:00,25.4,67.0,0.0,9.9,10.6
2024-07-04 21:00:00,24.1,44.9,0.0,10.0,13.6
2024-07-04 22:00:00,23.8,49.5,3.64,8.1,7.8
2024-07-04 23:00:00,28.5,54.7,0.0,9.7,10.7
2024-07-05 00:00:00,20.6,48.7,0.0,10.2,6.8
2024-07-05 01:00:00,24.1,51.2,0.27,10.2,14.6
2024-07-05 02:00:00,24.0,47.2,0.0,10.5,10.4
2024-07-05 03:00:00,24.1,35.2,0.0,10.3,7.4
2024-07-05 04:00:00,25.1,52.1,0.79,9.9,9.3
2024-07-05 05:00:00,22.2,48.9,0.0,9.7,5.1
2024-07-05 06:00:00,30.1,56.5,0.0,9.3,5.6
2024-07-05 07:00:00,28.6,55.3,0.0,11.0,12.5
2024-07-05 08:00:00,29.3,60.9,0.0,10.1,7.8
2024-07-05 09:00:00,28.2,61.7,0.0,9.8,8.5
2024-07-05 10:00:00,30.0,69.5,0.0,10.5,6.8
2024-07-05 11:00:00,36.5,68.6,0.0,9.8,5.7
2024-07-05 12:00:00,31.1,81.7,0.0,9.9,5.6
2024-07-05 13:00:00,32.0,64.4,0.38,9.8,5.9
2024-07-05 14:00:00,33.8,74.9,0.0,10.7,7.0
2024-07-05 15:00:00,29.7,70.7,0.5,9.5,12.7
2024-07-05 16:00:00,34.1,71.4,0.0,9.5,5.5
2024-07-05 17:00:00,28.3,67.2,0.0,10.1,6.8
2024-07-05 18:00:00,28.2,59.7,1.92,8.9,9.0
2024-07-05 19:00:00,29.2,58.0,1.57,9.4,10.7
2024-07-05 20:00:00,29.7,55.4,0.0,10.3,9.6
2024-07-05 21:00:00,26.8,59.7,0.0,10.1,10.4
2024-07-05 22:00:00,25.5,61.9,0.0,9.7,8.3
2024-07-05 23:00:00,22.3,50.0,2.69,9.1,11.9
2024-07-06 00:00:00,24.6,50.1,0.0,10.5,9.9
2024-07-06 01:00:00,23.3,38.8,2.19,8.3,11.5
2024-07-06 02:00:00,24.0,41.0,0.0,10.1,8.2
2024-07-06 03:00:00,27.1,38.6,0.59,9.8,10.0
2024-07-06 04:00:00,24.1,42.2,0.0,10.2,9.2
2024-07-06 05:00:00,28.9,50.7,1.59,9.4,6.8
2024-07-06 06:00:00,26.9,56.1,0.0,10.0,6.9
2024-07-06 07:00:00,28.8,59.3,0.0,9.5,5.6
2024-07-06 08:00:00,29.9,61.8,0.0,8.6,5.8
2024-07-06 09:00:00,30.1,66.3,0.0,10.5,8.9
2024-07-06 10:00:00,30.9,70.5,0.0,10.0,7.9
2024-07-06 11:00:00,35.8,69.0,0.0,9.1,5.7
2024-07-06 12:00:00,34.8,80.0,2.18,8.2,6.7
2024-07-06 13:00:00,32.5,74.2,3.19,8.6,6.1
2024-07-06 14:00:00,30.0,66.6,0.0,9.8,12.6
2024-07-06 15:00:00,34.4,70.2,7.7,6.0,5.6
2024-07-06 16:00:00,32.8,71.2,0.0,10.4,5.3
2024-07-06 17:00:00,30.0,60.5,0.0,9.9,7.1
2024-07-06 18:00:00,25.8,64.5,2.72,8.9,8.4
2024-07-06 19:00:00,27.8,57.5,0.0,10.9,5.4
2024-07-06 20:00:00,29.2,68.1,0.0,9.7,6.2
2024-07-06 21:00:00,26.8,54.5,0.0,9.7,5.3
2024-07-06 22:00:00,22.4,49.9,0.0,10.7,8.7
2024-07-06 23:00:00,23.6,47.1,0.0,10.0,9.3
2024-07-07 00:00:00,26.0,51.0,0.0,9.5,10.0
2024-07-07 01:00:00,25.6,45.4,0.0,9.6,7.5
2024-07-07 02:00:00,24.1,37.5,0.81,9.8,9.1
2024-07-07 03:00:00,23.7,39.1,0.0,9.4,5.4
2024-07-07 04:00:00,28.5,48.0,0.0,10.3,6.0
2024-07-07 05:00:00,28.6,51.3,0.92,10.1,7.2
2024-07-07 06:00:00,24.6,46.0,1.32,9.7,22.8
2024-07-07 07:00:00,28.3,51.2,1.69,8.9,9.2
2024-07-07 08:00:00,30.2,62.1,0.22,9.4,7.6
2024-07-07 09:00:00,34.4,62.9,0.0,10.5,11.0
2024-07-07 10:00:00,30.0,74.5,0.0,9.0,6.6
2024-07-07 11:00:00,35.0,65.8,2.97,9.1,5.7
2024-07-07 12:00:00,35.2,75.5,0.0,9.9,8.4
2024-07-07 13:00:00,31.9,78.4,0.0,9.9,15.5
2024-07-07 14:00:00,34.4,77.7,0.0,11.4,10.2
2024-07-07 15:00:00,31.9,78.4,0.0,10.1,6.6
2024-07-07 16:00:00,34.6,70.8,0.0,10.5,15.2
2024-07-07 17:00:00,29.9,68.4,0.0,9.9,9.9
2024-07-07 18:00:00,28.1,62.2,0.0,10.2,9.1
2024-07-07 19:00:00,24.8,64.8,0.0,10.4,6.9
2024-07-07 20:00:00,24.7,50.2,2.26,9.6,5.8
2024-07-07 21:00:00,24.2,59.1,0.0,10.4,7.7
2024-07-07 22:00:00,23.4,43.7,0.31,10.6,6.7
2024-07-07 23:00:00,24.1,53.9,0.0,10.5,9.1
2024-07-08 00:00:00,25.0,44.0,0.0,10.6,6.6
2024-07-08 01:00:00,25.5,48.6,0.7,9.8,5.4
2024-07-08 02:00:00,22.7,42.6,0.0,10.3,7.7
2024-07-08 03:00:00,27.9,44.3,0.0,9.6,5.0
2024-07-08 04:00:00,27.4,48.7,1.46,9.0,6.9
2024-07-08 05:00:00,27.0,48.1,0.0,10.4,7.5
2024-07-08 06:00:00,27.8,46.9,0.0,10.2,5.4
2024-07-08 07:00:00,28.0,59.6,0.2,9.3,7.0
2024-07-08 08:00:00,29.0,50.0,7.11,6.2,7.0
2024-07-08 09:00:00,30.0,58.3,0.0,10.2,7.5
2024-07-08 10:00:00,33.0,64.2,0.0,9.5,6.1
2024-07-08 11:00:00,30.3,66.0,1.99,10.0,9.5
2024-07-08 12:00:00,32.7,76.2,0.39,10.8,8.2
2024-07-08 13:00:00,32.2,75.5,0.0,10.7,5.7
2024-07-08 14:00:00,30.8,73.2,0.0,9.3,6.2
2024-07-08 15:00:00,36.2,77.0,0.0,9.6,9.1
2024-07-08 16:00:00,33.2,81.7,0.0,10.1,6.0
2024-07-08 17:00:00,31.8,72.9,0.0,9.6,6.6
2024-07-08 18:00:00,29.3,65.0,0.0,10.6,10.3
2024-07-08 19:00:00,29.6,70.9,0.0,9.6,13.4
2024-07-08 20:00:00,27.8,56.3,0.0,10.2,7.8
2024-07-08 21:00:00,25.1,53.0,2.75,8.3,7.5
2024-07-08 22:00:00,25.6,52.1,0.99,9.5,5.2
2024-07-08 23:00:00,18.5,42.4,0.0,9.8,9.3
2024-07-09 00:00:00,20.8,45.9,0.0,9.8,7.2
2024-07-09 01:00:00,23.4,51.7,0.0,10.0,8.9
2024-07-09 02:00:00,24.5,50.9,0.0,9.6,7.4
2024-07-09 03:00:00,20.6,55.4,0.0,9.7,8.5
2024-07-09 04:00:00,27.0,37.2,0.0,9.7,9.0
2024-07-09 05:00:00,29.0,45.9,4.17,7.8,5.4
2024-07-09 06:00:00,26.8,59.4,0.54,10.1,7.5
2024-07-09 07:00:00,29.3,44.9,0.27,10.0,7.4
2024-07-09 08:00:00,27.2,55.4,3.01,8.1,8.7
2024-07-09 09:00:00,32.5,66.7,1.5,9.1,8.5
2024-07-09 10:00:00,33.2,63.9,0.0,9.6,6.0
2024-07-09 11:00:00,35.3,66.6,0.0,10.1,5.2
2024-07-09 12:00:00,32.0,78.5,1.13,10.2,8.7
2024-07-09 13:00:00,37.0,65.0,0.0,9.9,5.7
2024-07-09 14:00:00,30.4,84.5,0.0,10.3,11.5
2024-07-09 15:00:00,29.1,68.7,3.36,8.3,6.7
2024-07-09 16:00:00,32.5,78.5,0.0,9.3,5.1
2024-07-09 17:00:00,30.9,74.7,0.0,8.9,10.7
2024-07-09 18:00:00,27.6,60.1,0.0,10.6,9.5
2024-07-09 19:00:00,28.5,58.1,0.0,10.3,6.1
2024-07-09 20:00:00,25.5,63.7,0.0,10.3,9.0
2024-07-09 21:00:00,23.8,59.4,0.27,9.7,5.1
2024-07-09 22:00:00,24.5,53.6,0.0,10.4,6.3
2024-07-09 23:00:00,26.3,64.7,0.0,9.0,5.1
2024-07-10 00:00:00,24.0,55.8,0.19,9.7,5.1
2024-07-10 01:00:00,21.0,43.0,0.0,9.9,10.2
2024-07-10 02:00:00,21.1,46.1,0.0,10.2,9.1
2024-07-10 03:00:00,22.6,42.2,0.0,10.0,9.8
2024-07-10 04:00:00,23.8,49.7,1.95,9.2,6.2
2024-07-10 05:00:00,25.8,47.2,0.94,9.2,8.1
2024-07-10 06:00:00,29.6,54.8,0.0,9.4,5.3
2024-07-10 07:00:00,29.8,55.4,0.0,10.2,16.9
2024-07-10 08:00:00,30.6,54.5,0.06,9.8,5.9
2024-07-10 09:00:00,37.1,70.8,0.0,10.2,5.9
2024-07-10 10:00:00,29.5,70.7,0.0,9.9,7.3
2024-07-10 11:00:00,27.3,68.9,0.0,9.1,11.3
2024-07-10 12:00:00,33.8,68.9,0.0,9.5,7.4
2024-07-10 13:00:00,34.1,77.1,0.0,10.4,10.7
2024-07-10 14:00:00,33.6,78.0,0.0,9.4,11.8
2024-07-10 15:00:00,30.7,75.9,3.38,8.3,5.1
2024-07-10 16:00:00,28.3,77.7,0.0,11.0,7.8
2024-07-10 17:00:00,25.4,72.3,0.0,10.2,9.8
2024-07-10 18:00:00,26.3,68.7,2.33,8.8,5.2
2024-07-10 19:00:00,23.9,63.8,0.0,9.4,9.4
2024-07-10 20:00:00,29.7,54.4,4.03,8.5,5.9
2024-07-10 21:00:00,24.9,51.2,1.99,9.2,11.0
2024-07-10 22:00:00,23.8,48.5,0.0,10.4,8.2
2024-07-10 23:00:00,26.3,52.2,3.47,8.4,8.7
2024-07-11 00:00:00,24.2,44.3,0.26,9.7,6.7
2024-07-11 01:00:00,24.7,50.1,0.0,9.7,8.3
2024-07-11 02:00:00,26.4,56.0,0.0,9.8,10.8
2024-07-11 03:00:00,26.8,57.7,0.0,11.4,5.5
2024-07-11 04:00:00,23.4,54.9,0.42,9.9,5.6
2024-07-11 05:00:00,27.1,50.8,0.0,9.8,6.4
2024-07-11 06:00:00,31.2,50.3,0.0,10.3,6.1
2024-07-11 07:00:00,32.4,50.9,0.0,9.5,5.4
2024-07-11 08:00:00,32.1,57.3,0.0,9.6,6.3
2024-07-11 09:00:00,34.4,61.9,0.0,10.3,5.1
2024-07-11 10:00:00,29.3,67.7,0.0,9.8,8.0
2024-07-11 11:00:00,30.7,68.0,0.0,9.8,5.8
2024-07-11 12:00:00,32.8,72.5,0.0,10.0,9.5
2024-07-11 13:00:00,32.0,74.1,0.0,10.0,6.2
2024-07-11 14:00:00,31.4,75.1,0.0,10.0,6.3
2024-07-11 15:00:00,29.9,81.6,0.5,10.4,8.4
2024-07-11 16:00:00,28.1,73.6,0.0,10.3,10.3
2024-07-11 17:00:00,30.6,73.6,0.0,10.3,9.2
2024-07-11 18:00:00,32.1,66.6,0.09,9.9,5.6
2024-07-11 19:00:00,23.1,65.2,2.75,8.7,5.9
2024-07-11 20:00:00,23.0,55.9,0.65,9.1,10.9
2024-07-11 21:00:00,23.5,56.9,0.0,9.8,7.4
2024-07-11 22:00:00,22.5,44.9,3.18,8.5,5.2
2024-07-11 23:00:00,20.7,54.9,0.0,11.1,6.1
2024-07-12 00:00:00,20.5,62.4,0.0,9.4,8.9
2024-07-12 01:00:00,21.7,41.4,0.0,10.2,8.2
2024-07-12 02:00:00,24.2,47.7,0.0,9.9,10.3
2024-07-12 03:00:00,24.8,49.4,0.0,9.5,10.7
2024-07-12 04:00:00,26.1,43.6,0.0,9.5,6.4
2024-07-12 05:00:00,25.6,57.9,2.47,8.7,8.3
2024-07-12 06:00:00,26.8,56.7,0.0,9.0,6.9
2024-07-12 07:00:00,29.9,57.1,0.0,10.4,10.9
2024-07-12 08:00:00,29.8,56.3,0.0,9.7,8.3
2024-07-12 09:00:00,31.3,68.3,0.0,10.7,6.0
2024-07-12 10:00:00,33.2,66.7,0.0,10.8,6.9
2024-07-12 11:00:00,31.6,75.0,0.0,10.0,5.5
2024-07-12 12:00:00,34.1,73.9,0.0,10.0,9.2
2024-07-12 13:00:00,28.1,75.3,0.0,10.4,6.9
2024-07-12 14:00:00,32.6,80.4,0.0,9.3,8.4
2024-07-12 15:00:00,31.1,67.5,0.0,9.4,7.6
2024-07-12 16:00:00,27.8,74.0,0.0,10.0,14.1
2024-07-12 17:00:00,31.2,63.5,2.53,8.9,6.6
2024-07-12 18:00:00,28.8,70.4,0.72,9.8,10.1
2024-07-12 19:00:00,25.8,75.7,6.78,6.4,6.1
2024-07-12 20:00:00,26.3,68.3,0.0,10.4,5.6
2024-07-12 21:00:00,21.8,58.9,0.0,10.7,8.5
2024-07-12 22:00:00,19.9,51.8,0.59,9.9,6.1
2024-07-12 23:00:00,23.8,54.0,0.0,11.0,8.3
2024-07-13 00:00:00,23.1,45.9,2.15,9.5,8.0
2024-07-13 01:00:00,21.6,51.8,0.0,10.1,11.6
2024-07-13 02:00:00,24.2,49.2,0.0,10.4,7.3
2024-07-13 03:00:00,25.8,42.0,0.0,9.9,11.4
2024-07-13 04:00:00,27.1,57.4,0.0,9.5,5.1
2024-07-13 05:00:00,24.5,48.0,0.0,10.7,9.5
2024-07-13 06:00:00,26.6,49.1,0.0,10.1,6.1
2024-07-13 07:00:00,33.4,63.1,7.51,5.4,15.7
2024-07-13 08:00:00,29.7,65.2,0.0,9.4,11.4
2024-07-13 09:00:00,35.0,61.2,2.72,8.7,10.8
2024-07-13 10:00:00,35.5,73.1,0.0,9.5,6.0
2024-07-13 11:00:00,32.4,79.9,0.0,10.0,5.8
2024-07-13 12:00:00,35.6,71.3,0.0,9.1,5.9
2024-07-13 13:00:00,32.5,77.1,3.29,7.6,7.0
2024-07-13 14:00:00,30.2,82.5,0.0,10.7,5.5
2024-07-13 15:00:00,33.6,81.4,0.0,9.6,9.5
2024-07-13 16:00:00,29.6,74.3,0.27,9.8,8.4
2024-07-13 17:00:00,29.1,65.0,0.0,10.0,12.0
2024-07-13 18:00:00,27.8,64.9,0.07,10.0,7.2
2024-07-13 19:00:00,25.5,68.6,0.79,9.0,5.0
2024-07-13 20:00:00,25.0,55.2,0.0,10.3,7.4
2024-07-13 21:00:00,23.2,50.8,0.0,10.6,5.7
2024-07-13 22:00:00,26.0,43.1,0.51,10.9,9.4
2024-07-13 23:00:00,23.6,46.2,1.91,9.3,14.0
2024-07-14 00:00:00,21.6,43.4,0.0,10.4,10.3
2024-07-14 01:00:00,20.7,48.3,0.0,9.9,6.7
2024-07-14 02:00:00,25.8,47.8,0.0,10.6,13.8
2024-07-14 03:00:00,24.7,44.5,0.0,10.2,9.4
2024-07-14 04:00:00,27.7,52.5,0.0,9.5,7.5
2024-07-14 05:00:00,28.6,43.0,0.0,9.5,6.5
2024-07-14 06:00:00,24.7,49.5,0.0,10.2,8.2
2024-07-14 07:00:00,32.3,59.5,0.0,9.5,6.3
2024-07-14 08:00:00,29.2,55.4,1.7,8.9,6.3
2024-07-14 09:00:00,33.7,70.7,5.02,6.7,6.5
2024-07-14 10:00:00,34.6,69.4,0.23,9.1,5.4
2024-07-14 11:00:00,30.6,78.6,0.89,9.6,5.1
2024-07-14 12:00:00,34.3,72.7,0.24,9.9,6.4
2024-07-14 13:00:00,30.7,78.4,7.38,6.6,7.4
2024-07-14 14:00:00,33.5,76.5,1.22,9.3,14.4
2024-07-14 15:00:00,32.7,81.4,0.97,10.2,5.9
2024-07-14 16:00:00,33.7,72.6,0.0,9.5,8.6
2024-07-14 17:00:00,31.0,63.0,0.0,8.4,5.5
2024-07-14 18:00:00,28.4,70.7,0.0,10.9,11.0
2024-07-14 19:00:00,28.3,73.8,0.0,10.1,6.5
2024-07-14 20:00:00,25.9,56.9,0.0,9.9,5.3
2024-07-14 21:00:00,23.2,46.4,0.0,10.4,6.6
2024-07-14 22:00:00,22.6,50.8,0.0,9.7,7.6
2024-07-14 23:00:00,22.7,48.1,0.0,9.8,9.5
2024-07-15 00:00:00,19.6,43.5,0.94,9.5,5.9
2024-07-15 01:00:00,22.4,44.6,0.0,10.3,12.4
2024-07-15 02:00:00,24.2,40.1,0.0,10.0,6.5
2024-07-15 03:00:00,25.7,47.3,0.0,10.2,6.5
2024-07-15 04:00:00,28.8,42.7,0.0,11.2,9.5
2024-07-15 05:00:00,30.3,47.0,0.0,10.3,5.1
2024-07-15 06:00:00,29.0,61.1,0.0,10.8,6.3
2024-07-15 07:00:00,23.7,59.3,0.0,9.2,6.7
2024-07-15 08:00:00,31.6,64.1,0.0,10.2,5.6
2024-07-15 09:00:00,33.1,59.0,0.0,9.6,7.2
2024-07-15 10:00:00,30.7,64.1,0.0,9.8,7.9
2024-07-15 11:00:00,32.4,68.3,0.0,9.7,6.0
2024-07-15 12:00:00,32.3,75.6,0.0,9.3,9.0
2024-07-15 13:00:00,34.5,67.2,0.0,10.0,7.5
2024-07-15 14:00:00,32.2,79.0,0.0,9.7,7.6
2024-07-15 15:00:00,32.5,77.7,2.04,8.9,6.7
2024-07-15 16:00:00,30.9,74.7,0.0,10.4,5.0
2024-07-15 17:00:00,30.9,67.9,0.0,10.1,5.0
2024-07-15 18:00:00,29.1,72.4,0.0,9.9,6.6
2024-07-15 19:00:00,24.4,62.0,0.04,9.4,6.7
2024-07-15 20:00:00,25.9,48.5,0.0,9.9,11.2
2024-07-15 21:00:00,25.1,55.4,2.03,8.4,11.7
2024-07-15 22:00:00,26.8,57.2,0.0,10.2,16.3
2024-07-15 23:00:00,23.1,54.5,0.0,10.3,5.7
2024-07-16 00:00:00,22.3,48.4,0.0,10.1,6.3
2024-07-16 01:00:00,24.5,44.6,0.0,10.5,7.3
2024-07-16 02:00:00,22.8,42.1,0.0,9.3,5.2
2024-07-16 03:00:00,24.5,43.5,0.0,10.0,8.1
2024-07-16 04:00:00,23.7,52.3,0.0,9.9,10.7
2024-07-16 05:00:00,25.7,43.6,2.09,8.7,7.6
2024-07-16 06:00:00,30.6,48.0,0.0,10.2,6.2
2024-07-16 07:00:00,29.0,53.6,0.0,10.6,14.7
2024-07-16 08:00:00,27.7,65.8,1.36,9.9,5.4
2024-07-16 09:00:00,35.3,72.7,0.0,9.6,6.3
2024-07-16 10:00:00,30.0,68.3,0.45,10.3,7.7
2024-07-16 11:00:00,31.2,70.7,0.0,9.9,6.3
2024-07-16 12:00:00,33.0,80.2,0.5,9.2,6.5
2024-07-16 13:00:00,30.3,72.7,0.0,10.4,5.0
2024-07-16 14:00:00,33.4,71.7,0.0,9.4,6.9
2024-07-16 15:00:00,29.5,77.2,0.0,10.9,6.2
2024-07-16 16:00:00,30.8,67.1,2.4,8.6,7.3
2024-07-16 17:00:00,27.2,74.8,0.0,10.3,7.1
2024-07-16 18:00:00,24.2,71.5,0.0,10.0,6.7
2024-07-16 19:00:00,24.8,60.2,0.0,9.6,10.8
2024-07-16 20:00:00,26.2,55.7,0.0,9.4,10.3
2024-07-16 21:00:00,26.2,56.9,0.43,9.7,5.4
2024-07-16 22:00:00,24.7,56.1,4.76,7.9,5.5
2024-07-16 23:00:00,21.1,50.5,0.0,10.0,8.9
2024-07-17 00:00:00,21.6,47.6,0.0,10.6,6.1
2024-07-17 01:00:00,23.3,46.6,2.12,9.3,6.5
2024-07-17 02:00:00,24.0,48.5,0.0,9.7,9.1
2024-07-17 03:00:00,24.3,37.2,1.76,9.2,5.4
2024-07-17 04:00:00,26.6,47.9,0.0,9.5,7.2
2024-07-17 05:00:00,28.6,37.5,2.03,9.2,14.2
2024-07-17 06:00:00,26.0,51.9,0.0,10.0,6.1
2024-07-17 07:00:00,33.3,57.8,0.0,10.5,15.9
2024-07-17 08:00:00,28.0,62.2,0.0,10.1,5.3
2024-07-17 09:00:00,30.8,72.9,0.0,9.9,11.8
2024-07-17 10:00:00,29.5,66.2,0.0,10.2,7.8
2024-07-17 11:00:00,34.7,68.8,0.0,10.0,6.9
2024-07-17 12:00:00,33.1,77.4,0.0,10.5,11.6
2024-07-17 13:00:00,32.9,79.5,0.0,9.3,9.8
2024-07-17 14:00:00,34.2,80.1,0.0,10.6,9.7
2024-07-17 15:00:00,27.6,70.7,0.0,9.4,5.8
2024-07-17 16:00:00,32.5,58.2,0.55,10.0,5.3
2024-07-17 17:00:00,27.8,74.7,0.0,9.5,5.9
2024-07-17 18:00:00,27.4,71.2,0.0,11.4,6.9
2024-07-17 19:00:00,27.6,60.9,0.0,10.7,7.7
2024-07-17 20:00:00,27.1,56.5,0.0,11.1,10.9
2024-07-17 21:00:00,21.8,51.0,0.0,9.4,5.6
2024-07-17 22:00:00,23.4,60.2,2.38,9.0,6.5
2024-07-17 23:00:00,21.6,42.6,0.0,10.3,5.3
2024-07-18 00:00:00,21.2,41.8,0.0,10.0,7.7
2024-07-18 01:00:00,20.1,48.0,0.0,9.2,11.2
2024-07-18 02:00:00,25.4,46.0,0.0,10.2,10.1
2024-07-18 03:00:00,24.7,45.8,4.21,8.1,8.4
2024-07-18 04:00:00,25.2,48.7,0.0,9.4,5.7
2024-07-18 05:00:00,26.1,49.6,0.0,9.2,13.2
2024-07-18 06:00:00,26.2,44.4,0.0,9.6,6.2
2024-07-18 07:00:00,30.4,66.5,0.0,9.2,7.1
2024-07-18 08:00:00,29.2,55.0,0.0,9.6,6.0
2024-07-18 09:00:00,30.1,55.1,0.0,9.7,9.9
2024-07-18 10:00:00,32.2,64.6,0.99,9.7,9.0
2024-07-18 11:00:00,33.0,77.1,0.0,9.6,6.9
2024-07-18 12:00:00,33.9,72.0,1.01,9.4,5.2
2024-07-18 13:00:00,32.1,83.4,0.0,10.7,21.3
2024-07-18 14:00:00,32.5,73.0,0.0,9.6,7.9
2024-07-18 15:00:00,32.5,74.8,0.0,10.1,5.4
2024-07-18 16:00:00,31.7,75.8,0.0,9.4,12.7
2024-07-18 17:00:00,30.5,71.9,0.0,9.8,8.7
2024-07-18 18:00:00,25.3,65.7,0.16,9.4,10.2
2024-07-18 19:00:00,26.5,70.5,0.0,10.0,12.6
2024-07-18 20:00:00,24.5,63.8,0.0,10.0,9.1
2024-07-18 21:00:00,26.4,56.8,0.0,9.8,7.4
2024-07-18 22:00:00,24.1,51.9,0.0,9.6,10.1
2024-07-18 23:00:00,23.3,40.3,0.0,9.6,5.9
2024-07-19 00:00:00,22.8,41.3,0.0,11.0,8.4
2024-07-19 01:00:00,23.5,40.8,0.05,9.7,11.1
2024-07-19 02:00:00,19.6,45.5,0.0,10.0,7.4
2024-07-19 03:00:00,26.0,52.6,0.0,10.5,9.1
2024-07-19 04:00:00,27.1,48.9,0.0,9.3,6.6
2024-07-19 05:00:00,27.7,49.6,0.0,10.8,16.8
2024-07-19 06:00:00,25.1,51.4,0.0,9.4,18.6
2024-07-19 07:00:00,28.0,58.0,0.0,10.0,6.4
2024-07-19 08:00:00,29.7,50.5,0.0,9.5,7.9
2024-07-19 09:00:00,32.2,58.6,1.51,9.3,8.2
2024-07-19 10:00:00,33.3,62.6,0.0,9.8,10.0
2024-07-19 11:00:00,35.1,74.5,0.0,9.6,8.1
2024-07-19 12:00:00,33.6,72.8,0.0,10.7,9.0
2024-07-19 13:00:00,31.5,72.9,0.0,9.8,6.4
2024-07-19 14:00:00,32.1,62.1,0.0,9.1,8.4
2024-07-19 15:00:00,31.0,74.8,0.0,10.6,10.4
2024-07-19 16:00:00,31.1,67.4,0.0,9.9,5.6
2024-07-19 17:00:00,27.2,69.5,0.0,10.0,10.2
2024-07-19 18:00:00,28.9,69.9,0.69,9.6,12.6
2024-07-19 19:00:00,23.5,66.6,0.0,9.7,5.3
2024-07-19 20:00:00,23.1,57.1,8.69,6.1,5.0
2024-07-19 21:00:00,23.2,56.9,0.0,9.7,8.1
2024-07-19 22:00:00,23.0,54.8,0.0,9.4,7.2
2024-07-19 23:00:00,23.6,46.4,0.0,11.2,10.1
2024-07-20 00:00:00,21.2,42.5,9.01,5.4,7.3
2024-07-20 01:00:00,22.8,46.8,0.0,9.9,5.6
2024-07-20 02:00:00,25.1,41.0,0.0,10.8,5.6
2024-07-20 03:00:00,25.7,45.8,2.18,8.4,11.7
2024-07-20 04:00:00,26.4,50.1,0.0,10.3,5.7
2024-07-20 05:00:00,27.1,54.4,0.0,9.6,8.1
2024-07-20 06:00:00,27.9,48.7,0.0,10.2,8.6
2024-07-20 07:00:00,30.1,46.9,0.0,10.4,6.3
2024-07-20 08:00:00,29.6,60.1,0.74,10.8,5.7
2024-07-20 09:00:00,29.1,74.9,0.0,10.2,7.3
2024-07-20 10:00:00,30.0,63.5,0.0,9.6,6.0
2024-07-20 11:00:00,34.9,67.1,0.0,8.9,5.5
2024-07-20 12:00:00,32.5,73.1,2.12,8.7,5.1
2024-07-20 13:00:00,32.3,79.3,1.77,9.2,5.6
2024-07-20 14:00:00,29.1,71.4,0.81,9.2,6.6
2024-07-20 15:00:00,32.6,76.9,1.77,9.2,5.1
2024-07-20 16:00:00,30.7,64.7,0.0,9.7,11.4
2024-07-20 17:00:00,29.6,70.3,0.0,9.6,7.3
2024-07-20 18:00:00,29.6,65.1,0.0,10.1,6.8
2024-07-20 19:00:00,28.5,66.8,0.84,10.1,7.7
2024-07-20 20:00:00,22.3,58.0,0.0,10.7,6.0
2024-07-20 21:00:00,24.1,61.8,0.0,9.3,9.0
2024-07-20 22:00:00,26.2,60.7,2.37,8.2,6.2
2024-07-20 23:00:00,26.7,47.7,0.0,10.2,6.2
2024-07-21 00:00:00,21.0,37.2,0.0,9.8,8.6
2024-07-21 01:00:00,23.4,52.5,0.84,9.9,6.3
2024-07-21 02:00:00,21.0,44.5,1.88,8.6,6.4
2024-07-21 03:00:00,21.7,41.8,1.1,8.9,5.7
2024-07-21 04:00:00,26.1,44.8,0.0,9.9,9.9
2024-07-21 05:00:00,27.4,41.4,0.14,9.7,7.1
2024-07-21 06:00:00,30.6,55.6,0.0,9.7,9.5
2024-07-21 07:00:00,30.5,58.6,0.0,9.5,5.0
2024-07-21 08:00:00,28.6,61.9,0.0,9.4,5.9
2024-07-21 09:00:00,30.8,62.1,0.0,10.0,6.3
2024-07-21 10:00:00,31.7,59.5,4.53,7.9,10.7
2024-07-21 11:00:00,35.2,75.9,3.54,8.9,11.6
2024-07-21 12:00:00,34.2,72.7,0.0,10.0,5.5
2024-07-21 13:00:00,35.1,81.3,0.0,9.8,13.7
2024-07-21 14:00:00,36.6,74.1,1.98,7.9,5.3
2024-07-21 15:00:00,33.4,74.0,0.0,9.6,5.3
2024-07-21 16:00:00,32.4,68.3,0.0,9.5,15.3
2024-07-21 17:00:00,31.2,75.1,0.0,9.8,6.6
2024-07-21 18:00:00,30.1,59.4,1.21,10.2,5.8
2024-07-21 19:00:00,27.9,69.7,1.65,9.4,6.5
2024-07-21 20:00:00,25.5,57.5,0.0,9.9,5.1
2024-07-21 21:00:00,24.0,58.4,0.0,9.4,5.9
2024-07-21 22:00:00,22.4,50.6,0.0,10.2,6.5
2024-07-21 23:00:00,26.0,52.2,0.54,9.3,8.6
2024-07-22 00:00:00,23.1,44.2,1.93,9.0,5.2
2024-07-22 01:00:00,24.6,50.0,0.0,10.0,6.1
2024-07-22 02:00:00,23.8,36.1,0.0,10.8,5.5
2024-07-22 03:00:00,27.2,38.7,0.0,10.2,5.6
2024-07-22 04:00:00,24.4,45.6,0.0,9.9,5.9
2024-07-22 05:00:00,26.4,43.3,0.0,9.8,17.8
2024-07-22 06:00:00,26.2,56.3,0.0,9.1,17.1
2024-07-22 07:00:00,26.8,49.7,0.0,10.0,8.9
2024-07-22 08:00:00,32.6,64.3,0.0,10.1,7.3
2024-07-22 09:00:00,32.8,70.7,0.0,9.3,8.9
2024-07-22 10:00:00,35.7,69.0,0.0,10.9,5.6
2024-07-22 11:00:00,32.9,77.1,0.59,9.4,6.2
2024-07-22 12:00:00,32.5,65.4,0.0,9.0,5.3
2024-07-22 13:00:00,31.2,64.7,0.0,9.7,16.3
2024-07-22 14:00:00,35.3,81.6,2.02,8.5,12.1
2024-07-22 15:00:00,31.2,77.8,0.0,10.0,7.7
2024-07-22 16:00:00,35.3,62.3,0.0,9.7,5.9
2024-07-22 17:00:00,31.1,71.4,0.0,9.9,5.5
2024-07-22 18:00:00,29.4,67.8,0.0,9.7,5.6
2024-07-22 19:00:00,23.7,77.4,0.0,9.9,7.1
2024-07-22 20:00:00,23.2,67.1,0.0,9.7,6.7
2024-07-22 21:00:00,25.6,56.6,0.0,9.8,7.0
2024-07-22 22:00:00,24.1,57.0,0.0,9.8,6.5
2024-07-22 23:00:00,23.7,59.2,3.12,8.5,8.3
2024-07-23 00:00:00,23.9,41.7,0.0,8.6,9.5
2024-07-23 01:00:00,21.6,45.0,0.0,10.4,5.3
2024-07-23 02:00:00,25.7,40.0,0.0,9.7,6.7
2024-07-23 03:00:00,26.1,47.4,0.0,10.2,6.8
2024-07-23 04:00:00,24.7,39.5,0.0,9.6,6.4
2024-07-23 05:00:00,26.0,44.2,0.0,10.2,7.4
2024-07-23 06:00:00,27.7,42.5,0.71,9.6,6.3
2024-07-23 07:00:00,26.6,60.0,0.45,9.6,5.5
2024-07-23 08:00:00,33.3,66.5,0.0,10.0,13.7
2024-07-23 09:00:00,25.9,70.6,0.0,10.2,10.2
2024-07-23 10:00:00,31.0,64.2,0.0,10.2,6.6
2024-07-23 11:00:00,34.6,64.9,0.0,9.3,5.0
2024-07-23 12:00:00,33.9,70.6,3.63,8.3,5.6
2024-07-23 13:00:00,32.7,71.8,0.0,9.8,8.3
2024-07-23 14:00:00,33.4,76.6,0.0,10.0,13.3
2024-07-23 15:00:00,32.5,75.7,2.5,7.8,8.1
2024-07-23 16:00:00,30.2,72.6,0.0,11.1,6.5
2024-07-23 17:00:00,26.5,64.5,0.0,9.8,11.8
2024-07-23 18:00:00,28.1,68.3,4.06,7.9,7.7
2024-07-23 19:00:00,29.0,75.1,0.0,10.5,8.8
2024-07-23 20:00:00,24.7,62.0,0.0,10.2,10.5
2024-07-23 21:00:00,23.1,61.2,0.0,10.8,11.7
2024-07-23 22:00:00,24.8,52.0,0.0,10.4,5.4
2024-07-23 23:00:00,21.3,48.7,2.01,8.3,8.6
2024-07-24 00:00:00,26.2,44.2,3.9,7.7,5.7
2024-07-24 01:00:00,24.1,52.4,0.0,9.4,13.2
2024-07-24 02:00:00,21.7,36.4,0.0,10.7,7.4
2024-07-24 03:00:00,22.3,44.2,3.24,7.8,13.4
2024-07-24 04:00:00,25.0,51.8,1.01,9.4,7.4
2024-07-24 05:00:00,31.5,48.0,0.0,9.6,9.9
2024-07-24 06:00:00,28.4,43.7,0.0,9.9,6.6
2024-07-24 07:00:00,30.3,55.7,0.0,9.9,6.4
2024-07-24 08:00:00,27.1,70.1,0.0,9.6,12.9
2024-07-24 09:00:00,33.0,59.3,0.1,10.2,6.4
2024-07-24 10:00:00,37.4,69.4,0.0,9.9,7.5
2024-07-24 11:00:00,31.3,69.3,3.75,8.7,6.8
2024-07-24 12:00:00,32.7,77.2,1.83,9.4,13.4
2024-07-24 13:00:00,34.5,74.4,0.0,9.2,6.2
2024-07-24 14:00:00,34.1,66.7,9.62,4.7,11.2
2024-07-24 15:00:00,31.0,71.0,0.07,9.2,14.2
2024-07-24 16:00:00,32.2,77.6,0.0,10.2,5.9
2024-07-24 17:00:00,27.0,63.5,0.36,10.1,5.3
2024-07-24 18:00:00,28.2,65.2,0.0,9.5,6.4
2024-07-24 19:00:00,22.7,59.2,0.82,9.7,5.3
2024-07-24 20:00:00,25.6,62.7,0.0,10.9,10.7
2024-07-24 21:00:00,22.1,59.7,0.07,9.9,6.6
2024-07-24 22:00:00,25.3,52.8,0.0,10.5,5.5
2024-07-24 23:00:00,22.8,49.7,2.83,7.8,7.3
2024-07-25 00:00:00,23.1,41.2,0.0,9.7,6.4
2024-07-25 01:00:00,23.5,38.5,0.0,10.6,6.0
2024-07-25 02:00:00,23.1,47.9,0.0,10.0,10.5
2024-07-25 03:00:00,19.9,40.0,0.0,9.2,5.8
2024-07-25 04:00:00,26.7,51.0,0.0,10.3,5.6
2024-07-25 05:00:00,28.1,56.9,3.34,8.3,8.4
2024-07-25 06:00:00,27.5,53.4,0.0,10.2,5.3
2024-07-25 07:00:00,32.6,56.9,0.0,10.3,6.3
2024-07-25 08:00:00,30.6,51.7,5.66,6.9,10.3
2024-07-25 09:00:00,29.7,64.0,0.0,10.3,13.3
2024-07-25 10:00:00,32.2,74.7,0.0,9.5,5.2
2024-07-25 11:00:00,32.3,67.7,0.0,10.3,11.4
2024-07-25 12:00:00,34.1,73.0,0.0,9.6,6.4
2024-07-25 13:00:00,33.0,80.2,2.09,8.8,11.8
2024-07-25 14:00:00,30.0,82.9,0.0,11.1,5.4
2024-07-25 15:00:00,29.2,70.4,0.0,10.1,6.0
2024-07-25 16:00:00,31.1,73.0,1.32,9.6,6.7
2024-07-25 17:00:00,29.8,67.1,0.0,9.1,7.5
2024-07-25 18:00:00,28.5,60.1,0.0,10.7,5.0
2024-07-25 19:00:00,24.4,60.0,0.84,9.6,5.4
2024-07-25 20:00:00,25.4,51.9,0.0,9.7,9.6
2024-07-25 21:00:00,25.8,55.1,0.0,9.5,5.2
2024-07-25 22:00:00,25.3,51.5,0.0,10.6,5.7
2024-07-25 23:00:00,24.6,52.6,0.0,10.2,5.6
2024-07-26 00:00:00,22.9,50.6,0.0,10.3,5.5
2024-07-26 01:00:00,25.2,52.2,0.0,11.1,12.6
2024-07-26 02:00:00,28.1,54.5,0.0,9.2,9.5
2024-07-26 03:00:00,22.5,48.1,0.0,10.7,7.8
2024-07-26 04:00:00,28.1,46.1,3.13,8.3,13.5
2024-07-26 05:00:00,26.3,57.1,0.0,10.7,5.7
2024-07-26 06:00:00,28.1,52.5,0.0,10.1,8.1
2024-07-26 07:00:00,30.5,58.1,0.38,9.5,9.9
2024-07-26 08:00:00,36.7,49.4,0.0,9.7,11.9
2024-07-26 09:00:00,30.2,76.8,3.18,9.2,9.0
2024-07-26 10:00:00,32.5,60.4,0.0,10.1,7.9
2024-07-26 11:00:00,31.2,71.6,0.59,9.5,12.6
2024-07-26 12:00:00,31.2,79.7,0.0,9.9,7.5
2024-07-26 13:00:00,33.1,74.2,0.0,10.1,6.0
2024-07-26 14:00:00,30.9,77.7,0.0,9.9,14.6
2024-07-26 15:00:00,29.1,67.4,0.9,9.4,9.0
2024-07-26 16:00:00,29.7,64.1,2.44,8.3,6.2
2024-07-26 17:00:00,29.0,75.2,0.0,10.6,12.2
2024-07-26 18:00:00,25.7,67.8,0.0,10.0,12.7
2024-07-26 19:00:00,26.4,67.3,0.7,9.1,6.5
2024-07-26 20:00:00,23.7,61.9,0.0,10.2,7.1
2024-07-26 21:00:00,26.5,51.6,1.08,9.2,8.6
2024-07-26 22:00:00,27.5,48.5,0.0,9.9,6.7
2024-07-26 23:00:00,23.9,47.8,0.0,9.6,10.6
2024-07-27 00:00:00,23.1,43.7,0.0,10.7,16.4
2024-07-27 01:00:00,25.1,47.2,0.0,9.7,9.9
2024-07-27 02:00:00,26.7,48.0,1.97,9.8,10.3
2024-07-27 03:00:00,23.0,42.9,0.0,10.0,7.3
2024-07-27 04:00:00,26.5,45.1,0.0,10.4,8.2
2024-07-27 05:00:00,28.2,53.8,0.0,11.2,7.7
2024-07-27 06:00:00,31.3,52.4,0.06,10.5,5.1
2024-07-27 07:00:00,30.6,53.9,1.68,9.1,7.2
2024-07-27 08:00:00,32.2,65.0,0.0,9.8,12.2
2024-07-27 09:00:00,32.1,65.0,0.0,10.1,5.7
2024-07-27 10:00:00,35.8,71.2,4.87,7.5,7.4
2024-07-27 11:00:00,35.5,71.0,0.0,10.8,10.6
2024-07-27 12:00:00,34.3,74.9,0.0,9.4,14.1
2024-07-27 13:00:00,33.2,78.3,0.0,8.9,5.8
2024-07-27 14:00:00,36.1,89.4,0.0,10.7,9.8
2024-07-27 15:00:00,32.0,67.9,0.0,10.4,7.6
2024-07-27 16:00:00,29.9,68.3,1.35,9.3,13.5
2024-07-27 17:00:00,29.3,64.0,0.0,10.2,9.2
2024-07-27 18:00:00,25.4,60.6,0.0,9.9,5.9
2024-07-27 19:00:00,25.6,60.5,0.0,9.8,6.6
2024-07-27 20:00:00,24.4,55.9,0.81,9.6,5.8
2024-07-27 21:00:00,21.4,62.7,0.0,9.9,6.8
2024-07-27 22:00:00,21.8,56.1,0.0,10.1,7.0
2024-07-27 23:00:00,21.5,51.1,0.0,10.1,5.1
2024-07-28 00:00:00,22.4,45.6,0.65,8.8,10.9
2024-07-28 01:00:00,26.7,36.4,0.0,9.9,5.1
2024-07-28 02:00:00,21.7,47.1,0.0,9.5,14.0
2024-07-28 03:00:00,21.8,38.9,0.0,10.4,5.6
2024-07-28 04:00:00,24.4,43.5,0.0,10.4,7.2
2024-07-28 05:00:00,24.5,51.6,0.0,9.6,11.7
2024-07-28 06:00:00,30.9,45.0,0.0,9.8,6.2
2024-07-28 07:00:00,30.4,60.9,0.2,9.7,5.3
2024-07-28 08:00:00,30.9,53.8,3.25,8.1,5.7
2024-07-28 09:00:00,33.7,64.5,0.0,9.4,5.0
2024-07-28 10:00:00,32.3,57.7,0.64,9.3,5.6
2024-07-28 11:00:00,35.7,73.4,0.0,10.6,5.3
2024-07-28 12:00:00,30.1,70.4,0.0,10.1,7.7
2024-07-28 13:00:00,32.0,67.9,0.0,9.1,5.8
2024-07-28 14:00:00,27.9,68.6,0.0,11.1,7.0
2024-07-28 15:00:00,27.7,67.7,0.55,10.3,8.9
2024-07-28 16:00:00,32.1,69.5,0.0,9.9,8.7
2024-07-28 17:00:00,28.9,80.1,0.0,9.7,7.8
2024-07-28 18:00:00,32.7,72.7,0.06,10.8,5.9
2024-07-28 19:00:00,24.0,67.3,0.0,9.8,13.4
2024-07-28 20:00:00,29.6,57.8,0.0,10.3,5.3
2024-07-28 21:00:00,27.3,64.2,0.0,10.0,7.3
2024-07-28 22:00:00,23.7,45.5,0.0,10.5,7.6
2024-07-28 23:00:00,22.8,53.8,0.0,10.3,7.5
2024-07-29 00:00:00,23.9,47.9,0.0,10.2,5.4
2024-07-29 01:00:00,25.0,52.1,0.0,9.1,7.4
2024-07-29 02:00:00,23.7,47.4,0.0,10.5,5.8
2024-07-29 03:00:00,25.1,53.0,3.88,7.9,5.6
2024-07-29 04:00:00,25.3,47.8,0.22,9.9,10.8
2024-07-29 05:00:00,25.2,39.8,0.0,9.2,5.6
2024-07-29 06:00:00,26.7,57.4,0.91,10.4,5.9
2024-07-29 07:00:00,26.6,58.7,0.0,9.9,6.1
2024-07-29 08:00:00,29.3,61.2,0.0,9.7,7.1
2024-07-29 09:00:00,36.7,67.0,0.0,9.6,6.1
2024-07-29 10:00:00,27.8,71.2,0.0,9.8,5.7
2024-07-29 11:00:00,32.3,73.7,0.0,8.6,12.9
2024-07-29 12:00:00,35.0,70.8,3.84,8.3,6.1
2024-07-29 13:00:00,31.2,74.8,0.0,10.8,6.6
2024-07-29 14:00:00,32.6,74.0,0.62,9.5,6.7
2024-07-29 15:00:00,33.8,80.7,0.0,9.3,8.2
2024-07-29 16:00:00,31.8,78.9,0.0,9.8,6.5
2024-07-29 17:00:00,30.6,71.9,0.0,10.2,6.3
2024-07-29 18:00:00,26.9,71.3,1.79,9.5,5.6
2024-07-29 19:00:00,21.9,69.0,0.0,10.2,9.9
2024-07-29 20:00:00,24.3,65.5,0.0,10.3,6.1
2024-07-29 21:00:00,24.7,57.8,2.05,8.7,6.3
2024-07-29 22:00:00,22.9,54.8,0.7,9.6,5.3
2024-07-29 23:00:00,26.3,58.1,0.08,11.6,8.9
2024-07-30 00:00:00,23.2,42.8,0.0,9.3,26.0
2024-07-30 01:00:00,24.3,39.5,0.0,10.1,7.0
2024-07-30 02:00:00,22.5,48.3,0.0,11.7,7.8
2024-07-30 03:00:00,21.6,42.7,3.27,8.5,5.3
2024-07-30 04:00:00,25.6,39.2,0.0,10.2,6.3
2024-07-30 05:00:00,24.6,45.9,0.0,9.9,8.7
2024-07-30 06:00:00,26.8,47.9,0.0,8.2,7.6
2024-07-30 07:00:00,26.6,50.5,0.0,9.8,6.6
2024-07-30 08:00:00,33.2,63.0,0.0,10.1,6.4
2024-07-30 09:00:00,29.9,60.9,0.0,9.1,6.0
2024-07-30 10:00:00,31.1,72.0,0.78,9.3,6.3
2024-07-30 11:00:00,34.7,67.8,0.0,9.3,8.2
2024-07-30 12:00:00,30.0,75.7,0.0,10.0,5.5
2024-07-30 13:00:00,31.6,76.0,0.0,9.9,11.3
2024-07-30 14:00:00,34.1,80.2,0.0,10.1,8.2
2024-07-30 15:00:00,31.6,75.7,0.0,10.8,6.4
2024-07-30 16:00:00,30.8,68.6,0.0,9.3,11.2
2024-07-30 17:00:00,27.4,63.9,0.0,10.0,8.0
2024-07-30 18:00:00,30.0,71.4,0.0,10.1,8.6
2024-07-30 19:00:00,30.3,62.4,0.0,10.8,7.8
2024-07-30 20:00:00,26.1,63.5,1.51,9.6,5.4
2024-07-30 21:00:00,25.1,60.9,0.0,9.8,5.3
2024-07-30 22:00:00,21.7,58.6,0.0,9.9,5.3
2024-07-30 23:00:00,25.0,48.2,0.0,10.4,5.4
2024-07-31 00:00:00,28.6,47.7,0.0,9.6,6.0
2024-07-31 01:00:00,23.8,39.0,0.0,9.9,7.7
2024-07-31 02:00:00,20.8,50.0,0.0,9.8,8.7
2024-07-31 03:00:00,26.1,47.0,0.53,9.8,13.1
2024-07-31 04:00:00,25.8,39.8,1.08,10.0,6.6
2024-07-31 05:00:00,27.7,50.1,0.0,9.8,5.2
2024-07-31 06:00:00,25.9,47.0,0.0,9.6,5.1
2024-07-31 07:00:00,29.8,54.5,0.0,8.8,5.4
2024-07-31 08:00:00,31.7,57.1,0.12,9.5,7.1
2024-07-31 09:00:00,33.2,58.1,0.0,10.8,8.4
2024-07-31 10:00:00,32.1,61.4,0.0,9.8,5.4
2024-07-31 11:00:00,33.4,66.5,0.0,11.4,8.9
2024-07-31 12:00:00,30.6,83.4,0.0,10.2,6.6
2024-07-31 13:00:00,33.0,67.4,1.7,9.6,5.2
2024-07-31 14:00:00,32.3,67.7,0.0,10.8,10.7
2024-07-31 15:00:00,30.1,75.0,2.26,9.4,7.3
2024-07-31 16:00:00,29.2,75.3,0.0,9.9,7.4
2024-07-31 17:00:00,30.0,75.4,0.0,10.0,7.6
2024-07-31 18:00:00,27.0,64.5,0.0,10.2,10.2
2024-07-31 19:00:00,24.7,70.2,0.0,9.7,9.5
2024-07-31 20:00:00,27.8,59.7,0.0,9.7,5.8
2024-07-31 21:00:00,24.7,52.7,1.84,8.7,10.8
2024-07-31 22:00:00,26.9,38.9,0.0,10.8,5.1
2024-07-31 23:00:00,24.0,50.7,0.0,10.6,10.4
2024-08-01 00:00:00,23.9,52.4,0.0,9.9,5.8
2024-08-01 01:00:00,24.2,49.5,0.12,9.5,5.5
2024-08-01 02:00:00,19.8,53.7,0.0,9.7,9.6
2024-08-01 03:00:00,25.0,42.5,0.0,9.4,5.8
2024-08-01 04:00:00,25.4,41.7,0.34,9.8,5.0
2024-08-01 05:00:00,22.6,49.7,0.0,10.8,6.7
2024-08-01 06:00:00,31.2,54.9,0.0,9.9,6.3
2024-08-01 07:00:00,29.5,50.5,0.0,10.5,9.2
2024-08-01 08:00:00,28.6,63.0,0.0,10.2,7.8
2024-08-01 09:00:00,31.8,61.6,0.95,9.3,17.3
2024-08-01 10:00:00,31.2,70.5,0.0,10.4,6.7
2024-08-01 11:00:00,27.4,74.9,2.27,8.7,5.0
2024-08-01 12:00:00,33.3,81.7,0.95,9.7,6.0
2024-08-01 13:00:00,31.6,74.1,1.36,9.9,5.4
2024-08-01 14:00:00,29.9,75.7,0.0,9.8,6.0
2024-08-01 15:00:00,29.3,73.1,0.83,10.6,8.7
2024-08-01 16:00:00,30.1,70.7,4.88,7.4,6.4
2024-08-01 17:00:00,24.9,69.6,0.0,10.1,6.8
2024-08-01 18:00:00,29.2,65.2,0.0,10.2,5.4
2024-08-01 19:00:00,29.8,67.0,0.0,10.0,7.1
2024-08-01 20:00:00,26.6,54.1,0.0,8.6,5.1
2024-08-01 21:00:00,24.1,49.7,1.07,9.5,7.9
2024-08-01 22:00:00,23.8,43.4,0.0,10.2,5.7
2024-08-01 23:00:00,26.3,50.9,3.27,7.9,7.8
2024-08-02 00:00:00,24.9,54.7,0.0,10.0,8.9
2024-08-02 01:00:00,22.1,44.1,1.1,8.6,5.6
2024-08-02 02:00:00,22.7,48.1,0.0,10.6,8.0
2024-08-02 03:00:00,24.3,42.6,0.52,9.8,9.5
2024-08-02 04:00:00,25.5,53.5,0.0,10.1,9.3
2024-08-02 05:00:00,26.8,49.1,0.0,9.9,7.3
2024-08-02 06:00:00,29.1,49.3,0.0,10.6,5.9
2024-08-02 07:00:00,30.6,51.4,0.0,10.8,8.9
2024-08-02 08:00:00,28.8,52.5,0.0,9.9,11.6
2024-08-02 09:00:00,37.0,59.7,0.0,10.1,5.9
2024-08-02 10:00:00,33.5,68.7,0.87,10.6,6.5
2024-08-02 11:00:00,33.8,78.8,0.0,9.5,8.7
2024-08-02 12:00:00,34.1,72.7,0.0,10.7,6.0
2024-08-02 13:00:00,32.1,79.9,0.0,9.8,12.7
2024-08-02 14:00:00,30.5,74.8,0.0,9.7,5.1
2024-08-02 15:00:00,32.7,76.5,0.0,10.7,8.3
2024-08-02 16:00:00,32.6,62.7,1.11,9.9,6.5
2024-08-02 17:00:00,30.3,65.4,0.0,9.6,5.7
2024-08-02 18:00:00,28.6,62.5,0.0,10.6,17.9
2024-08-02 19:00:00,28.3,51.4,0.0,9.9,9.6
2024-08-02 20:00:00,25.2,61.7,0.0,10.1,9.3
2024-08-02 21:00:00,24.5,59.2,0.0,9.7,6.2
2024-08-02 22:00:00,22.9,50.9,1.1,9.6,7.1
2024-08-02 23:00:00,24.6,43.2,0.0,10.0,6.0
2024-08-03 00:00:00,21.8,48.7,0.0,9.8,16.4
2024-08-03 01:00:00,24.6,46.8,0.33,9.8,7.0
2024-08-03 02:00:00,26.3,49.5,0.0,9.9,7.2
2024-08-03 03:00:00,26.8,35.0,0.0,10.2,6.3
2024-08-03 04:00:00,27.7,53.0,3.01,8.3,10.5
2024-08-03 05:00:00,28.2,56.5,0.27,10.2,9.8
2024-08-03 06:00:00,27.6,52.2,1.89,8.8,6.4
2024-08-03 07:00:00,31.1,56.3,0.0,9.3,7.4
2024-08-03 08:00:00,29.0,68.7,0.0,10.0,8.9
2024-08-03 09:00:00,31.9,61.7,0.0,10.3,7.3
2024-08-03 10:00:00,33.5,69.5,0.0,9.8,9.9
2024-08-03 11:00:00,34.1,74.3,0.0,9.5,7.9
2024-08-03 12:00:00,32.9,82.5,4.49,7.4,5.2
2024-08-03 13:00:00,31.6,69.8,0.0,9.2,5.5
2024-08-03 14:00:00,30.7,84.1,0.0,10.5,8.9
2024-08-03 15:00:00,29.5,74.9,0.0,10.1,5.3
2024-08-03 16:00:00,31.5,83.2,4.77,7.0,9.7
2024-08-03 17:00:00,29.3,63.3,0.0,9.3,14.8
2024-08-03 18:00:00,28.1,64.6,0.0,10.1,9.4
2024-08-03 19:00:00,29.2,64.1,0.0,10.2,21.0
2024-08-03 20:00:00,24.8,64.6,0.0,10.3,7.7
2024-08-03 21:00:00,26.7,57.1,3.02,8.3,8.9
2024-08-03 22:00:00,21.6,51.7,0.0,9.8,5.9
2024-08-03 23:00:00,21.9,45.6,0.0,10.0,8.3
2024-08-04 00:00:00,20.2,50.1,0.0,9.7,5.6
2024-08-04 01:00:00,25.0,50.6,0.0,9.9,5.4
2024-08-04 02:00:00,22.0,39.5,3.42,8.7,7.9
2024-08-04 03:00:00,24.7,46.8,0.0,9.5,8.8
2024-08-04 04:00:00,24.3,50.4,2.04,8.3,7.3
2024-08-04 05:00:00,28.6,49.4,4.18,8.4,5.6
2024-08-04 06:00:00,30.6,54.1,0.0,10.2,7.3
2024-08-04 07:00:00,26.0,58.8,0.0,10.0,6.0
2024-08-04 08:00:00,33.1,63.9,1.77,9.5,5.5
2024-08-04 09:00:00,32.8,61.8,0.0,10.1,5.1
2024-08-04 10:00:00,31.3,56.5,0.0,10.1,6.1
2024-08-04 11:00:00,31.9,76.8,0.0,10.7,7.4
2024-08-04 12:00:00,30.9,72.6,0.0,9.5,5.4
2024-08-04 13:00:00,31.9,78.3,0.0,9.7,8.3
2024-08-04 14:00:00,31.8,71.5,0.0,9.6,7.1
2024-08-04 15:00:00,31.9,64.2,0.0,8.9,7.4
2024-08-04 16:00:00,29.1,75.4,0.0,9.9,5.5
2024-08-04 17:00:00,29.8,68.9,2.9,9.4,5.7
2024-08-04 18:00:00,29.4,65.3,0.0,10.1,6.5
2024-08-04 19:00:00,29.1,57.0,0.0,9.9,8.6
2024-08-04 20:00:00,22.8,60.3,0.0,10.9,6.8
2024-08-04 21:00:00,27.9,58.3,0.0,10.1,5.5
2024-08-04 22:00:00,25.6,51.6,2.8,8.3,5.0
2024-08-04 23:00:00,24.3,43.2,0.0,10.1,19.0
2024-08-05 00:00:00,22.8,56.8,0.0,9.3,6.7
2024-08-05 01:00:00,23.9,45.1,2.7,9.2,6.2
2024-08-05 02:00:00,23.7,51.0,0.0,10.1,5.5
2024-08-05 03:00:00,23.7,44.0,0.0,9.6,6.0
2024-08-05 04:00:00,26.7,44.2,0.0,10.0,7.1
2024-08-05 05:00:00,24.3,55.1,0.0,10.2,12.7
2024-08-05 06:00:00,29.0,50.3,0.0,10.1,6.4
2024-08-05 07:00:00,27.3,58.6,0.0,9.5,24.6
2024-08-05 08:00:00,31.7,52.5,0.0,9.6,12.7
2024-08-05 09:00:00,33.0,64.1,0.0,10.3,6.9
2024-08-05 10:00:00,33.8,72.5,0.0,9.8,10.3
2024-08-05 11:00:00,36.5,65.5,0.0,8.8,7.3
2024-08-05 12:00:00,33.8,69.7,0.0,10.2,5.5
2024-08-05 13:00:00,33.7,74.5,0.0,10.8,5.9
2024-08-05 14:00:00,32.5,75.3,0.0,9.2,7.2
2024-08-05 15:00:00,27.7,81.0,0.0,10.3,7.8
2024-08-05 16:00:00,28.7,67.0,0.38,8.8,5.8
2024-08-05 17:00:00,27.3,67.0,0.0,10.3,12.0
2024-08-05 18:00:00,27.7,70.7,0.0,10.3,7.7
2024-08-05 19:00:00,25.0,75.4,0.0,10.7,10.0
2024-08-05 20:00:00,30.5,59.0,0.0,9.3,5.6
2024-08-05 21:00:00,26.5,54.3,0.0,9.8,5.0
2024-08-05 22:00:00,26.3,49.3,9.0,5.7,9.8
2024-08-05 23:00:00,20.3,58.6,0.31,10.0,6.4
2024-08-06 00:00:00,20.7,45.9,6.97,6.3,8.7
2024-08-06 01:00:00,21.8,44.2,0.0,10.2,12.0
2024-08-06 02:00:00,24.3,54.2,0.0,10.4,10.6
2024-08-06 03:00:00,23.4,53.5,0.0,9.7,8.2
2024-08-06 04:00:00,22.7,39.4,0.0,10.1,7.1
2024-08-06 05:00:00,25.9,43.1,0.55,9.8,10.3
2024-08-06 06:00:00,27.0,53.5,0.0,9.4,12.2
2024-08-06 07:00:00,28.7,64.6,0.0,9.3,5.0
2024-08-06 08:00:00,30.5,65.4,0.0,10.1,5.6
2024-08-06 09:00:00,32.0,59.9,0.0,10.3,10.6
2024-08-06 10:00:00,34.8,64.0,3.67,8.0,6.5
2024-08-06 11:00:00,33.0,70.3,0.0,10.5,8.7
2024-08-06 12:00:00,28.8,78.6,0.0,10.0,6.5
2024-08-06 13:00:00,35.2,77.9,0.0,9.5,5.9
2024-08-06 14:00:00,27.2,74.6,0.0,10.1,11.8
2024-08-06 15:00:00,28.9,73.2,1.59,8.9,11.2
2024-08-06 16:00:00,32.8,73.9,0.07,9.7,9.7
2024-08-06 17:00:00,30.3,70.9,0.0,9.6,5.7
2024-08-06 18:00:00,25.7,67.4,0.12,9.8,5.8
2024-08-06 19:00:00,25.1,54.7,0.91,9.8,5.7
2024-08-06 20:00:00,25.6,59.8,2.22,8.9,7.3
2024-08-06 21:00:00,27.1,53.0,0.21,9.7,5.9
2024-08-06 22:00:00,22.0,42.4,1.36,9.7,5.9
2024-08-06 23:00:00,21.5,50.4,0.0,9.9,5.7
2024-08-07 00:00:00,21.7,51.0,0.0,10.3,5.0
2024-08-07 01:00:00,23.9,49.6,0.0,10.3,7.3
2024-08-07 02:00:00,22.2,39.1,0.32,9.2,8.2
2024-08-07 03:00:00,25.2,44.3,1.37,8.5,5.3
2024-08-07 04:00:00,26.5,42.4,0.0,9.8,9.4
2024-08-07 05:00:00,24.8,48.8,1.62,8.7,8.4
2024-08-07 06:00:00,26.0,53.2,0.66,9.2,7.3
2024-08-07 07:00:00,33.0,52.4,0.0,9.9,9.4
2024-08-07 08:00:00,33.9,53.1,1.53,9.0,5.5
2024-08-07 09:00:00,31.2,65.3,0.27,9.4,5.7
2024-08-07 10:00:00,28.3,75.9,0.0,10.3,13.9
2024-08-07 11:00:00,31.4,72.8,10.36,5.2,7.1
2024-08-07 12:00:00,33.9,71.0,0.0,9.5,10.7
2024-08-07 13:00:00,32.2,66.2,0.0,10.3,6.0
2024-08-07 14:00:00,31.2,77.0,0.0,9.8,8.1
2024-08-07 15:00:00,33.1,75.4,0.39,9.5,6.3
2024-08-07 16:00:00,29.3,74.0,0.0,10.4,11.3
2024-08-07 17:00:00,27.3,64.5,0.0,9.0,5.1
2024-08-07 18:00:00,26.4,67.5,0.0,9.3,7.6
2024-08-07 19:00:00,27.1,61.9,0.0,9.8,5.1
2024-08-07 20:00:00,26.3,67.3,9.73,4.7,5.9
2024-08-07 21:00:00,23.2,66.3,0.0,9.8,7.6
2024-08-07 22:00:00,22.2,58.5,0.0,10.0,5.9
2024-08-07 23:00:00,20.1,46.8,0.64,9.9,13.3
2024-08-08 00:00:00,22.7,52.8,0.0,10.6,5.4
2024-08-08 01:00:00,20.7,43.8,0.0,9.7,7.1
2024-08-08 02:00:00,22.3,38.7,1.11,10.2,10.0
2024-08-08 03:00:00,22.7,41.5,0.0,10.2,6.2
2024-08-08 04:00:00,24.5,45.4,0.0,10.3,19.0
2024-08-08 05:00:00,24.8,53.4,0.0,10.5,5.5
2024-08-08 06:00:00,25.3,51.4,0.0,10.5,17.6
2024-08-08 07:00:00,25.7,58.8,0.0,9.3,10.5
2024-08-08 08:00:00,29.6,65.5,0.24,10.0,15.0
2024-08-08 09:00:00,31.8,57.4,0.0,9.3,7.1
2024-08-08 10:00:00,30.4,67.2,0.73,10.5,9.5
2024-08-08 11:00:00,33.5,67.3,0.27,9.8,9.2
2024-08-08 12:00:00,32.2,76.5,0.0,10.9,9.4
2024-08-08 13:00:00,33.6,65.9,1.59,9.0,9.2
2024-08-08 14:00:00,32.4,76.9,3.45,7.6,11.8
2024-08-08 15:00:00,34.0,82.0,3.07,9.1,12.8
2024-08-08 16:00:00,26.6,69.0,0.14,10.6,13.8
2024-08-08 17:00:00,26.4,65.6,0.0,9.3,9.9
2024-08-08 18:00:00,28.4,74.2,0.0,10.8,15.5
2024-08-08 19:00:00,25.6,64.1,0.0,10.4,6.9
2024-08-08 20:00:00,28.0,54.7,0.0,10.6,7.7
2024-08-08 21:00:00,24.2,51.1,7.38,6.1,5.2
2024-08-08 22:00:00,23.0,63.4,0.0,9.1,6.9
2024-08-08 23:00:00,26.7,50.2,0.0,10.1,5.0
2024-08-09 00:00:00,24.0,47.3,0.0,10.3,8.5
2024-08-09 01:00:00,25.4,53.4,0.0,10.1,9.9
2024-08-09 02:00:00,22.9,39.8,0.0,9.8,6.7
2024-08-09 03:00:00,26.1,55.4,0.0,10.3,8.7
2024-08-09 04:00:00,22.9,47.4,0.0,9.6,5.8
2024-08-09 05:00:00,26.3,61.0,0.0,9.1,6.2
2024-08-09 06:00:00,27.0,50.0,0.0,9.1,9.7
2024-08-09 07:00:00,30.3,64.9,1.74,9.5,10.3
2024-08-09 08:00:00,32.3,58.7,6.1,7.4,6.5
2024-08-09 09:00:00,32.2,72.6,6.3,6.1,11.9
2024-08-09 10:00:00,29.7,60.8,0.0,10.1,8.3
2024-08-09 11:00:00,28.1,61.1,0.0,9.8,6.8
2024-08-09 12:00:00,33.4,74.6,0.0,10.1,7.2
2024-08-09 13:00:00,31.2,70.4,0.0,9.5,8.8
2024-08-09 14:00:00,31.4,70.7,0.0,10.9,12.9
2024-08-09 15:00:00,35.0,76.9,5.56,7.7,8.4
2024-08-09 16:00:00,30.3,70.5,0.0,10.5,7.4
2024-08-09 17:00:00,31.1,70.6,0.0,10.3,9.0
2024-08-09 18:00:00,25.9,63.0,0.0,9.8,7.5
2024-08-09 19:00:00,27.0,60.0,0.0,9.8,10.4
2024-08-09 20:00:00,26.5,57.9,0.0,10.1,5.7
2024-08-09 21:00:00,26.5,50.9,1.37,9.8,5.6
2024-08-09 22:00:00,21.4,56.4,0.0,10.1,6.0
2024-08-09 23:00:00,24.1,44.4,0.0,9.5,5.1
2024-08-10 00:00:00,26.4,55.9,1.63,9.4,7.3
2024-08-10 01:00:00,20.5,41.1,0.0,9.6,6.5
2024-08-10 02:00:00,27.3,53.3,0.0,9.2,6.9
2024-08-10 03:00:00,23.4,36.5,8.62,5.9,7.9
2024-08-10 04:00:00,27.4,40.3,0.0,9.8,5.0
2024-08-10 05:00:00,24.9,47.8,0.99,10.3,5.2
2024-08-10 06:00:00,30.3,51.5,0.0,10.0,5.5
2024-08-10 07:00:00,27.5,62.7,0.0,9.7,5.2
2024-08-10 08:00:00,28.8,59.1,0.0,10.6,5.7
2024-08-10 09:00:00,34.4,66.9,1.74,9.9,26.4
2024-08-10 10:00:00,29.8,76.8,0.84,9.3,9.1
2024-08-10 11:00:00,33.7,72.7,2.16,9.7,8.0
2024-08-10 12:00:00,35.7,73.6,2.55,9.2,11.2
2024-08-10 13:00:00,35.1,81.9,0.0,10.6,5.6
2024-08-10 14:00:00,33.0,73.1,0.0,9.6,5.3
2024-08-10 15:00:00,30.9,72.1,2.02,8.8,9.5
2024-08-10 16:00:00,32.8,74.5,0.0,9.7,6.2
2024-08-10 17:00:00,30.4,65.9,0.0,10.0,10.3
2024-08-10 18:00:00,27.9,62.3,0.0,10.2,5.4
2024-08-10 19:00:00,26.3,61.2,3.86,7.7,14.7
2024-08-10 20:00:00,24.3,56.8,0.0,11.0,5.3
2024-08-10 21:00:00,23.9,49.9,0.0,10.0,10.0
2024-08-10 22:00:00,21.8,49.0,0.0,10.4,6.6
2024-08-10 23:00:00,21.3,50.0,0.0,9.1,7.3
2024-08-11 00:00:00,23.6,49.5,0.0,10.5,16.3
2024-08-11 01:00:00,21.8,50.4,0.0,10.1,8.1
2024-08-11 02:00:00,24.6,40.8,0.0,9.1,10.7
2024-08-11 03:00:00,23.2,40.3,0.72,9.9,7.5
2024-08-11 04:00:00,18.4,48.9,1.56,9.2,5.7
2024-08-11 05:00:00,26.0,54.6,0.0,9.3,7.7
2024-08-11 06:00:00,29.8,57.4,0.0,9.7,5.4
2024-08-11 07:00:00,29.7,49.3,0.0,10.3,5.8
2024-08-11 08:00:00,28.9,60.0,0.0,10.4,6.5
2024-08-11 09:00:00,33.6,57.5,3.0,8.1,9.4
2024-08-11 10:00:00,30.0,68.9,1.16,9.1,9.8
2024-08-11 11:00:00,32.6,76.4,1.62,9.6,7.2
2024-08-11 12:00:00,37.2,79.0,2.67,8.0,8.2
2024-08-11 13:00:00,32.5,68.4,1.49,8.6,7.0
2024-08-11 14:00:00,28.5,67.9,1.35,9.8,5.0
2024-08-11 15:00:00,28.0,74.5,0.0,9.4,6.1
2024-08-11 16:00:00,32.8,60.6,0.0,9.3,9.6
2024-08-11 17:00:00,29.3,70.4,0.0,9.3,9.0
2024-08-11 18:00:00,31.0,62.1,0.0,9.3,5.3
2024-08-11 19:00:00,26.7,56.5,0.86,9.5,9.1
2024-08-11 20:00:00,24.7,63.1,1.23,9.2,6.9
2024-08-11 21:00:00,21.0,59.2,0.74,10.1,14.2
2024-08-11 22:00:00,25.1,66.8,0.0,10.9,5.6
2024-08-11 23:00:00,26.0,49.0,0.0,10.2,12.2
2024-08-12 00:00:00,21.6,53.6,0.01,9.6,5.8
2024-08-12 01:00:00,22.3,49.8,0.0,10.1,10.5
2024-08-12 02:00:00,21.9,46.5,0.0,9.2,7.5
2024-08-12 03:00:00,25.8,41.6,1.63,8.9,6.0
2024-08-12 04:00:00,25.6,49.3,0.0,9.6,5.5
2024-08-12 05:00:00,25.8,51.2,2.87,8.9,9.8
2024-08-12 06:00:00,26.5,54.8,0.0,10.4,12.9
2024-08-12 07:00:00,29.7,55.0,0.0,10.0,13.8
2024-08-12 08:00:00,33.9,62.1,1.15,9.1,6.2
2024-08-12 09:00:00,30.0,61.0,0.0,9.2,6.6
2024-08-12 10:00:00,35.5,73.4,0.3,10.0,6.8
2024-08-12 11:00:00,33.1,73.0,0.84,8.9,5.7
2024-08-12 12:00:00,33.8,65.0,0.0,10.0,6.6
2024-08-12 13:00:00,35.4,85.0,0.0,10.0,5.1
2024-08-12 14:00:00,32.0,75.0,0.0,9.8,6.6
2024-08-12 15:00:00,31.0,78.0,0.98,8.8,8.1
2024-08-12 16:00:00,35.3,70.8,0.0,10.3,11.0
2024-08-12 17:00:00,31.6,70.0,0.21,8.8,7.1
2024-08-12 18:00:00,29.6,66.9,0.0,9.1,10.8
2024-08-12 19:00:00,25.3,73.4,8.47,5.4,9.0
2024-08-12 20:00:00,27.4,52.8,0.0,10.1,9.3
2024-08-12 21:00:00,26.7,60.1,1.08,9.9,7.2
2024-08-12 22:00:00,21.5,56.2,0.7,9.0,6.4
2024-08-12 23:00:00,27.2,60.7,0.0,10.5,10.7
2024-08-13 00:00:00,23.9,48.5,0.0,9.8,5.1
2024-08-13 01:00:00,25.1,44.6,1.44,9.1,5.3
2024-08-13 02:00:00,25.1,43.1,1.03,9.7,12.0
2024-08-13 03:00:00,25.7,47.9,0.55,9.7,7.0
2024-08-13 04:00:00,24.3,39.9,0.0,10.1,7.6
2024-08-13 05:00:00,27.6,55.1,0.0,9.6,7.6
2024-08-13 06:00:00,23.6,53.9,0.0,9.7,7.2
2024-08-13 07:00:00,34.2,63.5,0.0,9.2,12.0
2024-08-13 08:00:00,27.3,55.9,0.0,10.3,7.9
2024-08-13 09:00:00,31.0,66.4,1.15,9.7,5.8
2024-08-13 10:00:00,37.0,68.3,0.0,10.4,5.8
2024-08-13 11:00:00,31.5,68.4,0.0,10.3,9.6
2024-08-13 12:00:00,32.8,72.4,0.12,9.7,5.7
2024-08-13 13:00:00,32.0,74.4,0.0,10.0,6.3
2024-08-13 14:00:00,36.4,75.3,0.0,9.7,9.0
2024-08-13 15:00:00,30.9,66.2,0.0,10.2,10.3
2024-08-13 16:00:00,36.8,71.5,0.0,9.9,5.0
2024-08-13 17:00:00,29.4,75.8,0.0,10.1,17.9
2024-08-13 18:00:00,27.0,61.2,0.0,9.6,6.1
2024-08-13 19:00:00,29.0,61.5,0.0,9.7,7.1
2024-08-13 20:00:00,29.6,60.6,0.0,9.7,5.8
2024-08-13 21:00:00,23.9,51.8,0.0,9.5,5.4
2024-08-13 22:00:00,23.7,49.2,5.17,7.4,6.9
2024-08-13 23:00:00,24.0,53.7,0.0,9.5,9.6
2024-08-14 00:00:00,20.7,45.5,0.0,10.4,5.2
2024-08-14 01:00:00,25.9,53.1,0.0,10.0,5.9
2024-08-14 02:00:00,21.6,41.3,0.0,10.7,5.5
2024-08-14 03:00:00,25.4,50.5,0.0,9.9,6.3
2024-08-14 04:00:00,26.1,42.3,0.0,9.1,7.5
2024-08-14 05:00:00,22.7,52.1,0.18,10.7,9.4
2024-08-14 06:00:00,26.7,56.1,0.0,10.5,5.7
2024-08-14 07:00:00,29.5,54.3,2.85,8.8,7.2
2024-08-14 08:00:00,27.2,66.2,0.0,9.1,10.2
2024-08-14 09:00:00,31.7,70.7,1.17,10.0,8.0
2024-08-14 10:00:00,35.3,62.0,0.0,10.7,10.8
2024-08-14 11:00:00,35.8,67.8,0.79,9.4,16.0
2024-08-14 12:00:00,34.4,69.5,0.0,10.1,7.9
2024-08-14 13:00:00,36.7,77.0,0.0,10.4,6.2
2024-08-14 14:00:00,33.1,72.6,1.22,8.4,6.4
2024-08-14 15:00:00,31.3,70.9,0.0,10.9,13.0
2024-08-14 16:00:00,27.3,73.6,0.1,10.3,17.4
2024-08-14 17:00:00,30.8,65.6,0.0,10.4,5.0
2024-08-14 18:00:00,28.7,75.7,0.0,9.8,12.0
2024-08-14 19:00:00,26.5,60.3,0.2,10.9,8.5
2024-08-14 20:00:00,29.2,61.6,0.0,10.5,5.2
2024-08-14 21:00:00,26.2,63.8,0.0,10.7,5.3
2024-08-14 22:00:00,20.0,44.2,0.0,9.5,5.9
2024-08-14 23:00:00,23.3,46.2,5.44,6.7,7.5
2024-08-15 00:00:00,18.8,43.3,0.0,10.0,10.1
2024-08-15 01:00:00,21.3,39.4,0.04,9.9,8.9
2024-08-15 02:00:00,21.4,43.3,0.0,9.8,6.4
2024-08-15 03:00:00,25.1,49.2,0.0,9.9,7.0
2024-08-15 04:00:00,27.4,40.1,0.0,9.7,10.0
2024-08-15 05:00:00,27.6,47.4,0.0,9.8,5.4
2024-08-15 06:00:00,27.9,55.2,0.91,9.3,11.0
2024-08-15 07:00:00,27.2,56.5,0.0,9.9,6.3
2024-08-15 08:00:00,32.2,64.9,0.0,9.3,7.3
2024-08-15 09:00:00,36.1,61.6,2.35,9.0,5.1
2024-08-15 10:00:00,33.0,72.7,0.0,10.8,7.0
2024-08-15 11:00:00,31.7,68.0,1.1,9.1,5.2
2024-08-15 12:00:00,33.4,70.2,0.0,10.1,10.4
2024-08-15 13:00:00,34.9,75.2,4.26,7.7,6.3
2024-08-15 14:00:00,34.7,76.3,0.0,10.4,7.1
2024-08-15 15:00:00,31.9,71.4,1.39,9.3,6.1
2024-08-15 16:00:00,30.9,69.0,0.0,10.2,5.4
2024-08-15 17:00:00,32.5,71.4,0.0,10.2,6.7
2024-08-15 18:00:00,28.8,73.3,2.07,8.9,9.3
2024-08-15 19:00:00,28.6,67.0,0.0,10.6,6.2
2024-08-15 20:00:00,24.3,53.9,0.0,10.5,7.3
2024-08-15 21:00:00,21.5,61.7,0.0,10.5,5.2
2024-08-15 22:00:00,23.0,57.9,0.0,10.9,6.3
2024-08-15 23:00:00,21.3,47.5,0.0,8.9,5.6
2024-08-16 00:00:00,21.6,43.4,0.0,10.0,10.1
2024-08-16 01:00:00,23.3,40.0,0.59,8.8,7.5
2024-08-16 02:00:00,19.4,46.0,0.0,10.1,7.6
2024-08-16 03:00:00,23.8,45.1,0.12,10.0,8.5
2024-08-16 04:00:00,26.6,53.3,0.18,10.5,9.0
2024-08-16 05:00:00,26.3,60.7,0.0,10.1,5.6
2024-08-16 06:00:00,28.6,52.7,0.0,10.1,7.5
2024-08-16 07:00:00,26.7,61.0,0.0,10.1,14.0
2024-08-16 08:00:00,30.9,57.5,0.0,11.2,10.4
2024-08-16 09:00:00,31.6,64.8,0.0,10.2,5.6
2024-08-16 10:00:00,30.3,72.5,0.93,9.7,8.2
2024-08-16 11:00:00,35.3,68.3,0.0,9.9,8.0
2024-08-16 12:00:00,35.6,78.8,0.0,10.1,6.2
2024-08-16 13:00:00,33.4,73.3,0.0,9.5,7.3
2024-08-16 14:00:00,35.6,75.6,1.65,9.2,5.8
2024-08-16 15:00:00,33.8,77.9,0.0,10.4,5.5
2024-08-16 16:00:00,31.3,81.2,0.0,10.2,8.8
2024-08-16 17:00:00,31.6,68.4,0.0,10.3,7.3
2024-08-16 18:00:00,32.3,65.0,0.0,10.2,7.8
2024-08-16 19:00:00,25.4,75.3,0.93,10.1,5.1
2024-08-16 20:00:00,24.2,52.1,0.0,10.2,5.1
2024-08-16 21:00:00,24.0,54.1,0.0,10.0,5.2
2024-08-16 22:00:00,25.6,48.3,0.0,10.3,6.8
2024-08-16 23:00:00,23.6,48.9,0.0,9.4,5.1
2024-08-17 00:00:00,23.2,50.7,0.0,9.4,10.1
2024-08-17 01:00:00,22.7,43.1,0.0,10.1,5.0
2024-08-17 02:00:00,24.5,49.5,0.0,10.8,15.2
2024-08-17 03:00:00,23.4,42.2,0.0,9.9,5.3
2024-08-17 04:00:00,24.7,42.7,0.0,9.5,5.4
2024-08-17 05:00:00,25.0,48.4,0.75,9.5,6.8
2024-08-17 06:00:00,30.2,56.1,0.68,9.6,9.3
2024-08-17 07:00:00,34.7,54.6,1.13,9.7,9.0
2024-08-17 08:00:00,31.2,59.3,0.6,10.1,7.1
2024-08-17 09:00:00,29.2,62.5,0.0,10.4,5.5
2024-08-17 10:00:00,34.5,59.2,1.49,8.8,5.4
2024-08-17 11:00:00,34.8,69.7,0.0,10.1,9.9
2024-08-17 12:00:00,36.9,75.0,0.0,10.5,6.5
2024-08-17 13:00:00,33.9,79.0,2.51,9.3,6.3
2024-08-17 14:00:00,34.1,82.2,0.3,9.4,6.5
2024-08-17 15:00:00,31.9,88.6,0.0,10.0,9.6
2024-08-17 16:00:00,31.6,71.0,0.0,10.1,7.6
2024-08-17 17:00:00,27.9,74.4,0.0,9.8,10.5
2024-08-17 18:00:00,26.5,73.3,0.0,9.9,5.6
2024-08-17 19:00:00,29.2,64.5,1.34,9.8,5.0
2024-08-17 20:00:00,26.8,69.0,0.0,9.6,6.3
2024-08-17 21:00:00,25.0,52.2,0.0,9.7,6.5
2024-08-17 22:00:00,24.5,51.7,1.07,9.1,5.0
2024-08-17 23:00:00,22.3,48.1,0.0,9.6,5.9
2024-08-18 00:00:00,25.3,43.7,0.0,9.3,17.9
2024-08-18 01:00:00,23.9,51.2,2.87,8.4,7.4
2024-08-18 02:00:00,24.6,38.0,0.0,10.0,5.7
2024-08-18 03:00:00,22.7,40.3,3.77,6.8,5.2
2024-08-18 04:00:00,29.9,43.8,0.0,9.4,8.1
2024-08-18 05:00:00,27.3,55.3,0.0,9.3,9.3
2024-08-18 06:00:00,23.0,48.7,0.14,9.7,5.1
2024-08-18 07:00:00,26.9,63.0,0.0,11.1,6.8
2024-08-18 08:00:00,32.6,59.0,0.0,10.4,11.2
2024-08-18 09:00:00,31.4,64.4,0.0,10.7,5.3
2024-08-18 10:00:00,35.3,78.6,0.0,10.0,6.2
2024-08-18 11:00:00,35.4,71.3,0.0,10.6,7.2
2024-08-18 12:00:00,29.9,83.3,0.0,10.2,8.9
2024-08-18 13:00:00,27.9,73.2,0.0,10.2,7.3
2024-08-18 14:00:00,31.3,81.6,3.08,8.2,5.1
2024-08-18 15:00:00,34.8,72.2,1.34,8.4,6.2
2024-08-18 16:00:00,29.7,69.8,0.0,10.4,5.9
2024-08-18 17:00:00,26.3,74.5,0.0,9.6,5.1
2024-08-18 18:00:00,27.6,60.1,0.0,9.9,8.4
2024-08-18 19:00:00,25.1,66.4,0.0,10.0,10.2
2024-08-18 20:00:00,25.7,57.1,2.31,8.0,10.5
2024-08-18 21:00:00,22.0,65.9,0.18,10.4,5.2
2024-08-18 22:00:00,22.8,49.7,0.0,10.3,6.1
2024-08-18 23:00:00,24.6,54.1,0.0,10.1,7.3
2024-08-19 00:00:00,23.9,43.9,3.92,8.1,6.0
2024-08-19 01:00:00,20.1,46.6,0.0,10.3,7.4
2024-08-19 02:00:00,24.3,41.2,0.0,10.0,5.5
2024-08-19 03:00:00,24.6,48.4,0.0,9.3,17.5
2024-08-19 04:00:00,26.0,46.9,2.85,8.4,5.4
2024-08-19 05:00:00,24.4,48.1,0.0,9.9,7.4
2024-08-19 06:00:00,29.6,61.2,0.0,10.2,7.5
2024-08-19 07:00:00,31.8,56.8,0.0,11.2,20.6
2024-08-19 08:00:00,30.2,62.5,0.0,9.9,8.9
2024-08-19 09:00:00,33.6,61.1,0.0,10.3,10.2
2024-08-19 10:00:00,32.9,59.9,0.0,10.1,8.3
2024-08-19 11:00:00,29.5,68.1,0.0,9.7,6.7
2024-08-19 12:00:00,32.1,74.1,0.0,10.3,5.2
2024-08-19 13:00:00,30.8,72.6,0.0,9.0,11.4
2024-08-19 14:00:00,37.0,70.3,0.0,9.9,6.1
2024-08-19 15:00:00,32.4,62.0,0.0,10.5,6.8
2024-08-19 16:00:00,31.2,73.1,0.19,10.0,8.0
2024-08-19 17:00:00,32.0,70.0,0.55,10.1,5.5
2024-08-19 18:00:00,29.7,66.6,1.57,9.2,9.9
2024-08-19 19:00:00,25.7,61.0,0.0,10.3,5.3
2024-08-19 20:00:00,30.1,55.5,3.9,7.8,5.5
2024-08-19 21:00:00,23.8,55.4,0.0,9.5,6.3
2024-08-19 22:00:00,23.2,56.4,0.0,9.7,15.8
2024-08-19 23:00:00,22.6,52.9,0.0,10.3,6.8
2024-08-20 00:00:00,22.7,45.5,0.0,10.4,5.4
2024-08-20 01:00:00,22.1,46.5,0.0,10.7,8.9
2024-08-20 02:00:00,22.1,34.0,0.0,10.2,18.7
2024-08-20 03:00:00,22.6,46.0,0.0,9.5,8.2
2024-08-20 04:00:00,22.0,49.2,0.0,9.3,15.3
2024-08-20 05:00:00,25.2,42.2,5.04,6.9,5.2
2024-08-20 06:00:00,30.0,47.8,0.0,9.5,7.7
2024-08-20 07:00:00,28.5,59.1,1.2,9.3,10.5
2024-08-20 08:00:00,32.7,49.8,0.0,9.4,14.2
2024-08-20 09:00:00,33.8,69.2,2.63,8.9,6.3
2024-08-20 10:00:00,30.1,65.4,1.32,9.8,5.5
2024-08-20 11:00:00,35.8,73.4,0.0,10.9,7.2
2024-08-20 12:00:00,36.7,74.9,0.0,9.6,8.4
2024-08-20 13:00:00,33.4,74.3,0.0,9.7,5.8
2024-08-20 14:00:00,31.1,74.0,0.0,9.2,11.0
2024-08-20 15:00:00,30.6,80.5,0.0,9.8,5.0
2024-08-20 16:00:00,30.7,67.8,0.56,9.4,5.7
2024-08-20 17:00:00,30.6,74.3,1.32,8.5,5.7
2024-08-20 18:00:00,27.8,68.5,0.0,10.4,5.7
2024-08-20 19:00:00,25.4,60.5,0.83,8.9,5.6
2024-08-20 20:00:00,27.3,60.3,0.0,10.2,17.1
2024-08-20 21:00:00,27.4,59.6,0.0,10.0,9.0
2024-08-20 22:00:00,22.2,62.2,1.98,9.7,6.0
2024-08-20 23:00:00,20.9,50.7,1.46,10.3,10.0
2024-08-21 00:00:00,22.0,41.3,0.0,9.8,5.2
2024-08-21 01:00:00,25.5,51.5,0.0,10.7,5.1
2024-08-21 02:00:00,24.7,44.7,0.49,10.6,8.9
2024-08-21 03:00:00,24.8,45.7,0.0,10.0,7.4
2024-08-21 04:00:00,21.9,44.6,0.0,9.4,8.8
2024-08-21 05:00:00,23.7,54.6,0.0,10.5,5.7
2024-08-21 06:00:00,26.2,51.7,0.0,9.6,11.6
2024-08-21 07:00:00,24.8,56.7,0.0,10.1,5.7
2024-08-21 08:00:00,30.5,56.1,0.05,10.9,15.0
2024-08-21 09:00:00,29.2,62.4,0.0,10.0,5.9
2024-08-21 10:00:00,31.0,66.9,0.0,9.6,6.4
2024-08-21 11:00:00,33.0,75.2,0.0,10.3,10.9
2024-08-21 12:00:00,32.8,68.3,0.0,10.1,18.6
2024-08-21 13:00:00,33.2,76.7,4.41,7.4,5.9
2024-08-21 14:00:00,32.3,80.5,0.0,10.1,6.9
2024-08-21 15:00:00,32.7,74.0,0.36,10.6,13.5
2024-08-21 16:00:00,27.2,66.1,0.0,9.8,7.2
2024-08-21 17:00:00,29.6,62.1,1.7,9.7,5.6
2024-08-21 18:00:00,29.6,64.0,0.0,9.3,5.2
2024-08-21 19:00:00,27.3,60.6,0.0,10.3,8.4
2024-08-21 20:00:00,23.8,47.9,0.09,10.7,9.9
2024-08-21 21:00:00,23.2,61.5,0.0,10.8,10.1
2024-08-21 22:00:00,20.2,49.8,0.0,9.8,5.7
2024-08-21 23:00:00,25.5,53.0,0.0,9.9,5.6
2024-08-22 00:00:00,23.6,48.5,0.0,9.2,5.1
2024-08-22 01:00:00,19.5,44.9,0.0,9.4,6.1
2024-08-22 02:00:00,19.6,52.6,0.0,10.7,7.6
2024-08-22 03:00:00,29.5,45.1,0.0,10.3,5.7
2024-08-22 04:00:00,25.9,40.7,0.0,9.8,5.9
2024-08-22 05:00:00,25.2,47.5,0.0,10.7,10.4
2024-08-22 06:00:00,24.8,50.0,0.0,10.1,5.2
2024-08-22 07:00:00,29.0,53.9,1.1,10.1,7.0
2024-08-22 08:00:00,29.7,64.7,0.0,9.9,5.2
2024-08-22 09:00:00,32.4,59.3,0.0,10.1,5.3
2024-08-22 10:00:00,34.2,66.7,0.0,9.9,7.6
2024-08-22 11:00:00,32.6,80.0,1.2,10.0,7.7
2024-08-22 12:00:00,29.7,69.3,0.0,10.7,5.2
2024-08-22 13:00:00,32.1,69.8,0.0,9.5,7.3
2024-08-22 14:00:00,33.1,76.7,0.0,10.1,5.3
2024-08-22 15:00:00,33.2,77.1,0.0,10.0,6.7
2024-08-22 16:00:00,28.4,76.8,0.0,10.4,6.1
2024-08-22 17:00:00,30.0,72.4,0.0,9.7,6.8
2024-08-22 18:00:00,27.7,63.3,0.68,9.6,6.0
2024-08-22 19:00:00,26.5,60.6,0.0,10.2,5.6
2024-08-22 20:00:00,24.1,61.1,1.43,10.1,6.2
2024-08-22 21:00:00,23.2,52.6,0.0,9.8,5.9
2024-08-22 22:00:00,24.9,54.1,2.01,9.1,6.5
2024-08-22 23:00:00,21.5,52.7,0.0,10.4,6.3
2024-08-23 00:00:00,24.7,44.9,0.0,10.0,5.3
2024-08-23 01:00:00,25.0,49.4,0.0,9.5,8.8
2024-08-23 02:00:00,25.0,42.8,0.67,9.3,13.8
2024-08-23 03:00:00,28.5,51.9,0.0,11.1,8.4
2024-08-23 04:00:00,20.8,43.5,0.0,10.0,5.3
2024-08-23 05:00:00,25.4,52.1,0.25,9.7,5.8
2024-08-23 06:00:00,24.9,66.3,0.0,10.2,9.8
2024-08-23 07:00:00,27.5,62.0,1.11,9.0,10.7
2024-08-23 08:00:00,29.9,53.0,3.06,8.2,7.9
2024-08-23 09:00:00,28.5,66.0,5.25,8.0,6.0
2024-08-23 10:00:00,31.0,72.2,0.55,9.3,8.7
2024-08-23 11:00:00,34.2,71.4,8.63,5.6,6.0
2024-08-23 12:00:00,34.7,68.6,0.0,10.1,6.6
2024-08-23 13:00:00,34.0,76.2,0.0,9.7,8.6
2024-08-23 14:00:00,28.9,71.9,0.79,9.9,6.8
2024-08-23 15:00:00,31.3,77.0,3.13,8.2,15.7
2024-08-23 16:00:00,30.7,78.0,1.47,9.2,10.2
2024-08-23 17:00:00,26.8,72.3,0.0,9.6,8.2
2024-08-23 18:00:00,28.4,68.9,0.08,10.7,5.0
2024-08-23 19:00:00,24.7,67.1,2.16,8.5,6.0
2024-08-23 20:00:00,26.7,52.6,0.76,9.5,7.1
2024-08-23 21:00:00,27.1,47.7,0.39,9.6,8.9
2024-08-23 22:00:00,26.0,52.1,0.0,10.3,5.2
2024-08-23 23:00:00,25.5,49.3,0.0,10.0,6.9
2024-08-24 00:00:00,25.6,56.7,0.0,10.1,8.8
2024-08-24 01:00:00,23.6,43.3,1.52,9.8,5.9
2024-08-24 02:00:00,22.7,48.2,0.07,10.6,6.2
2024-08-24 03:00:00,22.5,51.4,0.71,9.3,11.8
2024-08-24 04:00:00,26.2,47.7,0.0,9.1,7.7
2024-08-24 05:00:00,25.8,53.0,0.0,9.4,9.9
2024-08-24 06:00:00,27.3,52.8,0.0,10.0,7.6
2024-08-24 07:00:00,29.0,51.6,3.73,7.7,9.8
2024-08-24 08:00:00,31.1,60.7,0.0,10.4,7.3
2024-08-24 09:00:00,32.8,60.1,0.0,9.4,8.8
2024-08-24 10:00:00,31.6,73.8,0.0,9.8,12.0
2024-08-24 11:00:00,32.8,70.3,0.0,10.2,9.1
2024-08-24 12:00:00,30.7,65.7,0.45,9.7,5.6
2024-08-24 13:00:00,32.4,67.6,0.0,9.7,8.0
2024-08-24 14:00:00,34.1,73.9,0.0,10.1,6.8
2024-08-24 15:00:00,30.0,70.9,0.0,10.5,5.6
2024-08-24 16:00:00,31.1,70.4,3.16,7.5,5.2
2024-08-24 17:00:00,30.7,64.4,0.84,9.9,7.1
2024-08-24 18:00:00,28.5,70.8,0.0,9.5,9.1
2024-08-24 19:00:00,25.4,72.8,3.73,7.8,5.9
2024-08-24 20:00:00,28.6,60.6,2.96,8.5,7.2
2024-08-24 21:00:00,26.3,59.7,0.0,10.2,5.2
2024-08-24 22:00:00,25.6,53.3,0.11,10.2,5.7
2024-08-24 23:00:00,24.6,49.1,0.0,9.9,11.2
2024-08-25 00:00:00,20.1,53.1,0.0,9.7,5.3
2024-08-25 01:00:00,21.1,41.3,2.16,9.2,7.7
2024-08-25 02:00:00,27.4,48.3,0.0,10.4,8.7
2024-08-25 03:00:00,25.6,53.8,0.0,10.7,8.7
2024-08-25 04:00:00,21.7,45.2,0.9,9.6,8.5
2024-08-25 05:00:00,26.1,51.5,1.22,8.6,8.2
2024-08-25 06:00:00,25.0,59.5,0.0,10.2,5.7
2024-08-25 07:00:00,27.3,48.4,0.0,10.4,6.0
2024-08-25 08:00:00,28.2,63.7,1.06,9.8,5.3
2024-08-25 09:00:00,30.3,61.9,0.0,9.8,14.8
2024-08-25 10:00:00,35.6,77.4,0.0,10.6,12.2
2024-08-25 11:00:00,29.6,68.0,0.0,10.7,7.6
2024-08-25 12:00:00,30.6,73.7,0.16,10.1,5.8
2024-08-25 13:00:00,27.2,79.9,0.0,10.8,11.2
2024-08-25 14:00:00,30.7,81.1,3.24,8.6,5.7
2024-08-25 15:00:00,30.4,77.5,0.0,9.8,6.9
2024-08-25 16:00:00,28.5,65.8,0.0,9.6,8.8
2024-08-25 17:00:00,31.7,67.8,0.0,10.0,5.3
2024-08-25 18:00:00,23.2,64.8,0.0,10.9,7.6
2024-08-25 19:00:00,26.6,69.1,0.06,9.7,13.0
2024-08-25 20:00:00,25.9,58.5,0.0,9.8,11.6
2024-08-25 21:00:00,24.8,54.0,5.88,8.8,5.1
2024-08-25 22:00:00,21.8,44.2,0.0,9.5,12.6
2024-08-25 23:00:00,22.8,41.6,0.69,9.6,6.2
2024-08-26 00:00:00,23.8,39.7,1.32,9.9,5.2
2024-08-26 01:00:00,18.6,48.4,0.0,9.9,8.6
2024-08-26 02:00:00,24.3,34.0,2.67,9.2,15.0
2024-08-26 03:00:00,24.0,43.2,0.0,10.2,7.8
2024-08-26 04:00:00,24.1,46.7,2.11,9.7,6.2
2024-08-26 05:00:00,26.0,49.0,1.77,9.6,5.2
2024-08-26 06:00:00,27.8,56.2,0.0,10.2,5.1
2024-08-26 07:00:00,26.0,55.6,0.0,9.8,9.0
2024-08-26 08:00:00,33.3,52.9,0.0,10.5,8.4
2024-08-26 09:00:00,31.8,66.7,1.17,10.2,6.9
2024-08-26 10:00:00,31.2,62.4,0.43,9.5,6.3
2024-08-26 11:00:00,34.8,76.0,3.25,9.3,6.6
2024-08-26 12:00:00,34.3,70.1,0.0,9.4,7.7
2024-08-26 13:00:00,32.2,85.4,0.0,9.7,5.6
2024-08-26 14:00:00,34.2,75.1,0.0,9.9,12.1
2024-08-26 15:00:00,28.1,72.7,0.0,9.3,7.4
2024-08-26 16:00:00,29.5,78.0,0.0,9.3,6.4
2024-08-26 17:00:00,28.9,77.6,0.0,10.5,5.3
2024-08-26 18:00:00,28.7,66.7,0.0,11.2,11.0
2024-08-26 19:00:00,28.1,62.5,2.06,9.2,9.8
2024-08-26 20:00:00,23.5,66.5,0.52,10.8,5.7
2024-08-26 21:00:00,27.4,50.2,0.0,10.8,5.9
2024-08-26 22:00:00,23.9,57.8,1.43,9.4,10.6
2024-08-26 23:00:00,23.6,51.9,1.24,8.8,13.2
2024-08-27 00:00:00,21.5,55.0,2.36,9.6,6.5
2024-08-27 01:00:00,25.6,47.8,0.89,10.3,7.6
2024-08-27 02:00:00,24.0,47.0,0.26,10.0,6.0
2024-08-27 03:00:00,27.1,48.3,0.0,9.9,6.0
2024-08-27 04:00:00,23.7,47.5,0.0,9.6,14.1
2024-08-27 05:00:00,27.1,46.4,0.0,10.2,6.0
2024-08-27 06:00:00,29.8,62.2,0.0,10.8,14.7
2024-08-27 07:00:00,29.5,56.0,0.0,9.5,6.6
2024-08-27 08:00:00,32.7,68.0,0.0,10.0,5.3
2024-08-27 09:00:00,32.6,66.8,2.2,9.5,6.5
2024-08-27 10:00:00,33.1,66.9,0.0,10.3,15.4
2024-08-27 11:00:00,33.5,71.3,0.0,9.7,11.4
2024-08-27 12:00:00,29.2,81.6,0.0,10.2,5.5
2024-08-27 13:00:00,33.6,68.5,0.0,9.3,6.1
2024-08-27 14:00:00,34.6,76.2,1.58,9.7,9.6
2024-08-27 15:00:00,29.3,69.9,0.0,9.7,11.5
2024-08-27 16:00:00,33.0,66.1,0.0,9.7,5.5
2024-08-27 17:00:00,26.7,70.6,0.0,9.3,5.3
2024-08-27 18:00:00,26.6,66.4,0.0,10.2,8.6
2024-08-27 19:00:00,27.6,65.6,0.0,9.8,7.9
2024-08-27 20:00:00,27.6,70.3,0.0,10.8,7.5
2024-08-27 21:00:00,20.5,63.5,0.0,10.2,5.0
2024-08-27 22:00:00,25.9,56.5,0.0,9.7,6.7
2024-08-27 23:00:00,23.6,48.2,4.8,7.7,5.3
2024-08-28 00:00:00,23.4,42.1,0.0,10.0,7.9
2024-08-28 01:00:00,20.0,43.1,0.0,9.3,7.0
2024-08-28 02:00:00,27.6,41.2,0.0,9.7,5.1
2024-08-28 03:00:00,25.3,44.3,0.0,9.8,9.4
2024-08-28 04:00:00,25.8,45.1,0.0,10.3,6.9
2024-08-28 05:00:00,26.1,51.8,0.0,10.2,6.1
2024-08-28 06:00:00,26.3,48.5,0.0,9.3,12.0
2024-08-28 07:00:00,31.1,52.0,0.0,10.3,6.3
2024-08-28 08:00:00,33.3,57.1,0.0,10.1,8.6
2024-08-28 09:00:00,29.9,62.9,0.0,9.8,13.5
2024-08-28 10:00:00,33.1,69.2,0.12,10.0,6.7
2024-08-28 11:00:00,30.1,71.6,0.5,9.8,13.3
2024-08-28 12:00:00,32.8,71.4,0.0,9.6,5.5
2024-08-28 13:00:00,35.6,72.4,3.65,8.5,7.4
2024-08-28 14:00:00,31.4,76.7,0.0,10.5,8.9
2024-08-28 15:00:00,34.2,83.5,0.88,8.8,15.0
2024-08-28 16:00:00,31.8,67.8,1.78,8.6,5.3
2024-08-28 17:00:00,29.3,65.2,0.0,9.0,8.8
2024-08-28 18:00:00,27.2,64.8,0.0,10.0,7.9
2024-08-28 19:00:00,23.5,56.9,0.0,9.6,8.8
2024-08-28 20:00:00,22.9,58.1,8.69,5.0,6.5
2024-08-28 21:00:00,24.9,59.0,0.63,10.0,6.1
2024-08-28 22:00:00,22.8,53.0,0.0,10.5,7.7
2024-08-28 23:00:00,25.0,55.9,0.0,10.4,5.1
2024-08-29 00:00:00,25.9,33.6,0.79,9.5,5.9
2024-08-29 01:00:00,23.2,53.5,0.0,10.2,7.9
2024-08-29 02:00:00,22.5,41.4,0.86,9.5,9.8
2024-08-29 03:00:00,25.1,48.2,0.0,9.5,5.1
2024-08-29 04:00:00,29.2,36.4,0.0,9.3,5.8
2024-08-29 05:00:00,28.3,43.5,0.0,10.6,6.6
2024-08-29 06:00:00,30.3,55.5,1.44,9.6,6.1
2024-08-29 07:00:00,28.4,53.0,0.0,9.7,8.3
2024-08-29 08:00:00,29.4,55.4,0.0,9.9,10.2
2024-08-29 09:00:00,34.5,60.8,0.0,10.2,7.4
2024-08-29 10:00:00,34.9,69.4,2.53,9.2,9.9
2024-08-29 11:00:00,32.4,70.9,0.0,9.7,5.1
2024-08-29 12:00:00,33.4,69.2,3.34,7.3,5.9
2024-08-29 13:00:00,32.9,72.6,1.49,9.8,7.6
2024-08-29 14:00:00,35.4,73.2,1.45,9.6,7.5
2024-08-29 15:00:00,30.3,77.4,0.0,10.0,7.8
2024-08-29 16:00:00,34.3,70.7,0.0,10.1,5.3
2024-08-29 17:00:00,26.7,65.2,0.0,10.3,7.4
2024-08-29 18:00:00,28.8,63.7,0.0,9.3,5.2
2024-08-29 19:00:00,25.5,64.7,0.0,9.5,7.1
2024-08-29 20:00:00,26.4,51.4,0.84,10.2,5.2
2024-08-29 21:00:00,24.9,50.5,0.0,9.8,7.7
2024-08-29 22:00:00,26.1,45.9,0.0,9.2,5.3
2024-08-29 23:00:00,21.2,55.8,0.0,10.3,6.5
